Ano Txt;2025;;;;;;
situacao;(Vários itens);;;;;;
GrupoEmpresa;Grupo J+;;;;;;
;;;;;;;
Loja;_key_centro_custo;cc_parent_nome;Nome Grupo;cc_nome;Camada03;Mês;Realizado
CORPORATIVO J+;01.01.001;01.01;RECEITAS S/ VENDAS;DINHEIRO;DINHEIRO;Ago;R$ 63.713
CORPORATIVO J+;01.01.006;01.01;RECEITAS S/ VENDAS;IFOOD;IFOOD;Ago;R$ 19.348
CORPORATIVO J+;01.01.006;01.01;RECEITAS S/ VENDAS;IFOOD;IFOOD;Out;R$ 5
CORPORATIVO J+;01.01.013.01;01.01.013;( - ) CUSTOS VARIÁVEIS;MATERIA PRIMA;VENDAS INTERCOMPANY;Dez;R$ 1.596
CORPORATIVO J+;01.01.049;01.01;RECEITAS S/ VENDAS;ROYALTES USO MARCA;ROYALTES USO MARCA;Set;R$ 18.515
CORPORATIVO J+;01.02.001;01.02;RECEITAS S/ VENDAS;TED/DOC;TED/DOC;Dez;R$ 64.081
CORPORATIVO J+;01.02.001;01.02;RECEITAS S/ VENDAS;TED/DOC;TED/DOC;Nov;R$ 35.652
CORPORATIVO J+;01.02.001;01.02;RECEITAS S/ VENDAS;TED/DOC;TED/DOC;Jun;R$ 20.180
CORPORATIVO J+;01.02.001;01.02;RECEITAS S/ VENDAS;TED/DOC;TED/DOC;Set;R$ 13.965
CORPORATIVO J+;01.02.001;01.02;RECEITAS S/ VENDAS;TED/DOC;TED/DOC;Ago;R$ 9.667
CORPORATIVO J+;01.02.001;01.02;RECEITAS S/ VENDAS;TED/DOC;TED/DOC;Fev;R$ 3.500
CORPORATIVO J+;01.02.001;01.02;RECEITAS S/ VENDAS;TED/DOC;TED/DOC;Out;R$ 2.007
CORPORATIVO J+;02.01.001.01;02.01.001;( - ) CUSTOS VARIÁVEIS;BOVINOS;PROTEINAS;Nov;-R$ 1.351
CORPORATIVO J+;02.01.001.02;02.01.001;( - ) CUSTOS VARIÁVEIS;AVES;PROTEINAS;Ago;-R$ 44
CORPORATIVO J+;02.01.001.03;02.01.001;( - ) CUSTOS VARIÁVEIS;SUINOS;PROTEINAS;Nov;-R$ 300
CORPORATIVO J+;02.01.002.01;02.01.002;( - ) CUSTOS VARIÁVEIS;QUEIJOS;ITENS CARDAPIO;Nov;-R$ 990
CORPORATIVO J+;02.01.002.02;02.01.002;( - ) CUSTOS VARIÁVEIS;SOBREMESAS;ITENS CARDAPIO;Dez;-R$ 69
CORPORATIVO J+;02.01.002.12;02.01.002;( - ) CUSTOS VARIÁVEIS;EMBALAGENS;ITENS CARDAPIO;Jun;-R$ 7
CORPORATIVO J+;02.01.003.10;02.01.003;( - ) CUSTOS VARIÁVEIS;CACHAÇA;BEBIDAS ALCÓLICAS;Dez;-R$ 70
CORPORATIVO J+;02.01.004.01;02.01.004;( - ) CUSTOS VARIÁVEIS;REFRIGERANTES;BEBIDAS NÃO ALCÓLICAS;Set;-R$ 23
CORPORATIVO J+;02.01.004.01;02.01.004;( - ) CUSTOS VARIÁVEIS;REFRIGERANTES;BEBIDAS NÃO ALCÓLICAS;Dez;-R$ 220
CORPORATIVO J+;02.01.004.01;02.01.004;( - ) CUSTOS VARIÁVEIS;REFRIGERANTES;BEBIDAS NÃO ALCÓLICAS;Nov;-R$ 1.767
CORPORATIVO J+;02.01.004.02;02.01.004;( - ) CUSTOS VARIÁVEIS;AGUAS;BEBIDAS NÃO ALCÓLICAS;Nov;-R$ 26
CORPORATIVO J+;02.01.004.02;02.01.004;( - ) CUSTOS VARIÁVEIS;AGUAS;BEBIDAS NÃO ALCÓLICAS;Out;-R$ 157
CORPORATIVO J+;02.01.004.02;02.01.004;( - ) CUSTOS VARIÁVEIS;AGUAS;BEBIDAS NÃO ALCÓLICAS;Dez;-R$ 258
CORPORATIVO J+;02.01.004.02;02.01.004;( - ) CUSTOS VARIÁVEIS;AGUAS;BEBIDAS NÃO ALCÓLICAS;Set;-R$ 4.129
CORPORATIVO J+;02.01.004.06;02.01.004;( - ) CUSTOS VARIÁVEIS;ENERGETICOS;BEBIDAS NÃO ALCÓLICAS;Nov;-R$ 26
CORPORATIVO J+;02.01.004.06;02.01.004;( - ) CUSTOS VARIÁVEIS;ENERGETICOS;BEBIDAS NÃO ALCÓLICAS;Set;-R$ 65
CORPORATIVO J+;02.01.004.06;02.01.004;( - ) CUSTOS VARIÁVEIS;ENERGETICOS;BEBIDAS NÃO ALCÓLICAS;Out;-R$ 78
CORPORATIVO J+;02.01.004.07;02.01.004;( - ) CUSTOS VARIÁVEIS;CAFES E CHAS;BEBIDAS NÃO ALCÓLICAS;Set;-R$ 30
CORPORATIVO J+;02.01.005.01;02.01.005;( - ) CUSTOS VARIÁVEIS;UTENSILIOS;MERCEARIA/DEMAIS INSUMOS;Out;-R$ 140
CORPORATIVO J+;02.01.005.02;02.01.005;( - ) CUSTOS VARIÁVEIS;TEMPEROS E CONDIMENTOS;MERCEARIA/DEMAIS INSUMOS;Set;-R$ 254
CORPORATIVO J+;02.01.005.03;02.01.005;( - ) CUSTOS VARIÁVEIS;MOLHOS;MERCEARIA/DEMAIS INSUMOS;Jun;-R$ 39
CORPORATIVO J+;02.01.005.05;02.01.005;( - ) CUSTOS VARIÁVEIS;HORTFRUTIGRANJEIROS;MERCEARIA/DEMAIS INSUMOS;Nov;-R$ 225
CORPORATIVO J+;02.01.005.06;02.01.005;( - ) CUSTOS VARIÁVEIS;PAES E MASSAS;MERCEARIA/DEMAIS INSUMOS;Mar;-R$ 90
CORPORATIVO J+;02.01.005.06;02.01.005;( - ) CUSTOS VARIÁVEIS;PAES E MASSAS;MERCEARIA/DEMAIS INSUMOS;Nov;-R$ 5.158
CORPORATIVO J+;02.01.005.07;02.01.005;( - ) CUSTOS VARIÁVEIS;DOCES;MERCEARIA/DEMAIS INSUMOS;Out;-R$ 63
CORPORATIVO J+;02.01.005.13;02.01.005;( - ) CUSTOS VARIÁVEIS;FARINACEOS/CAFE/ACUCAR;MERCEARIA/DEMAIS INSUMOS;Jul;-R$ 192
CORPORATIVO J+;02.01.005.13;02.01.005;( - ) CUSTOS VARIÁVEIS;FARINACEOS/CAFE/ACUCAR;MERCEARIA/DEMAIS INSUMOS;Nov;-R$ 586
CORPORATIVO J+;02.01.005.14;02.01.005;( - ) CUSTOS VARIÁVEIS;PETISCOS / PROCESSADOS;MERCEARIA/DEMAIS INSUMOS;Mai;-R$ 32
CORPORATIVO J+;02.01.005.16;02.01.005;( - ) CUSTOS VARIÁVEIS;BOMBONIERE/CONFEITARIA;MERCEARIA/DEMAIS INSUMOS;Abr;-R$ 38
CORPORATIVO J+;02.01.005.16;02.01.005;( - ) CUSTOS VARIÁVEIS;BOMBONIERE/CONFEITARIA;MERCEARIA/DEMAIS INSUMOS;Out;-R$ 80
CORPORATIVO J+;02.01.005.16;02.01.005;( - ) CUSTOS VARIÁVEIS;BOMBONIERE/CONFEITARIA;MERCEARIA/DEMAIS INSUMOS;Jul;-R$ 140
CORPORATIVO J+;02.01.005.16;02.01.005;( - ) CUSTOS VARIÁVEIS;BOMBONIERE/CONFEITARIA;MERCEARIA/DEMAIS INSUMOS;Jan;-R$ 183
CORPORATIVO J+;02.01.005.16;02.01.005;( - ) CUSTOS VARIÁVEIS;BOMBONIERE/CONFEITARIA;MERCEARIA/DEMAIS INSUMOS;Mar;-R$ 188
CORPORATIVO J+;02.01.006.01;02.01.006;( - ) DEDUÇÕES SOBRE RECEITA;MOTOBOY E APPS DE ENTREGA;DELIVERY - SERVIÇOS E TAXAS;Mai;-R$ 44
CORPORATIVO J+;02.01.008.01;02.01.008;( - ) CUSTOS VARIÁVEIS;MATERIA PRIMA;COMPRA DE MERCADORIAS;Set;-R$ 2.816
CORPORATIVO J+;02.01.008.01;02.01.008;( - ) CUSTOS VARIÁVEIS;MATERIA PRIMA;COMPRA DE MERCADORIAS;Dez;-R$ 2.844
CORPORATIVO J+;02.01.008.01;02.01.008;( - ) CUSTOS VARIÁVEIS;MATERIA PRIMA;COMPRA DE MERCADORIAS;Nov;-R$ 2.861
CORPORATIVO J+;02.01.008.01;02.01.008;( - ) CUSTOS VARIÁVEIS;MATERIA PRIMA;COMPRA DE MERCADORIAS;Out;-R$ 3.795
CORPORATIVO J+;02.01.008.03;02.01.008;( - ) CUSTOS VARIÁVEIS;EMBALAGENS;COMPRA DE MERCADORIAS;Jan;-R$ 8
CORPORATIVO J+;02.01.008.03;02.01.008;( - ) CUSTOS VARIÁVEIS;EMBALAGENS;COMPRA DE MERCADORIAS;Out;-R$ 13
CORPORATIVO J+;02.01.008.03;02.01.008;( - ) CUSTOS VARIÁVEIS;EMBALAGENS;COMPRA DE MERCADORIAS;Nov;-R$ 514
CORPORATIVO J+;02.01.008.04;02.01.008;( - ) CUSTOS VARIÁVEIS;USO E CONSUMO;COMPRA DE MERCADORIAS;Jan;-R$ 33
CORPORATIVO J+;02.01.008.04;02.01.008;( - ) CUSTOS VARIÁVEIS;USO E CONSUMO;COMPRA DE MERCADORIAS;Ago;-R$ 33
CORPORATIVO J+;02.01.008.04;02.01.008;( - ) CUSTOS VARIÁVEIS;USO E CONSUMO;COMPRA DE MERCADORIAS;Jul;-R$ 64
CORPORATIVO J+;02.01.008.04;02.01.008;( - ) CUSTOS VARIÁVEIS;USO E CONSUMO;COMPRA DE MERCADORIAS;Mai;-R$ 69
CORPORATIVO J+;02.01.008.04;02.01.008;( - ) CUSTOS VARIÁVEIS;USO E CONSUMO;COMPRA DE MERCADORIAS;Dez;-R$ 155
CORPORATIVO J+;02.01.008.04;02.01.008;( - ) CUSTOS VARIÁVEIS;USO E CONSUMO;COMPRA DE MERCADORIAS;Nov;-R$ 247
CORPORATIVO J+;02.01.008.04;02.01.008;( - ) CUSTOS VARIÁVEIS;USO E CONSUMO;COMPRA DE MERCADORIAS;Set;-R$ 558
CORPORATIVO J+;02.02.001;02.02;( - ) GASTOS COM PESSOAL;SALARIOS E ORDENADOS;SALARIOS E ORDENADOS;Ago;-R$ 56.737
CORPORATIVO J+;02.02.001;02.02;( - ) GASTOS COM PESSOAL;SALARIOS E ORDENADOS;SALARIOS E ORDENADOS;Jan;-R$ 67.609
CORPORATIVO J+;02.02.001;02.02;( - ) GASTOS COM PESSOAL;SALARIOS E ORDENADOS;SALARIOS E ORDENADOS;Fev;-R$ 77.071
CORPORATIVO J+;02.02.001;02.02;( - ) GASTOS COM PESSOAL;SALARIOS E ORDENADOS;SALARIOS E ORDENADOS;Mar;-R$ 83.203
CORPORATIVO J+;02.02.001;02.02;( - ) GASTOS COM PESSOAL;SALARIOS E ORDENADOS;SALARIOS E ORDENADOS;Set;-R$ 93.279
CORPORATIVO J+;02.02.001;02.02;( - ) GASTOS COM PESSOAL;SALARIOS E ORDENADOS;SALARIOS E ORDENADOS;Mai;-R$ 100.950
CORPORATIVO J+;02.02.001;02.02;( - ) GASTOS COM PESSOAL;SALARIOS E ORDENADOS;SALARIOS E ORDENADOS;Jul;-R$ 101.003
CORPORATIVO J+;02.02.001;02.02;( - ) GASTOS COM PESSOAL;SALARIOS E ORDENADOS;SALARIOS E ORDENADOS;Jun;-R$ 111.632
CORPORATIVO J+;02.02.001;02.02;( - ) GASTOS COM PESSOAL;SALARIOS E ORDENADOS;SALARIOS E ORDENADOS;Out;-R$ 113.451
CORPORATIVO J+;02.02.001;02.02;( - ) GASTOS COM PESSOAL;SALARIOS E ORDENADOS;SALARIOS E ORDENADOS;Abr;-R$ 116.906
CORPORATIVO J+;02.02.001;02.02;( - ) GASTOS COM PESSOAL;SALARIOS E ORDENADOS;SALARIOS E ORDENADOS;Nov;-R$ 131.076
CORPORATIVO J+;02.02.001;02.02;( - ) GASTOS COM PESSOAL;SALARIOS E ORDENADOS;SALARIOS E ORDENADOS;Dez;-R$ 136.562
CORPORATIVO J+;02.02.002;02.02;( - ) GASTOS COM PESSOAL;FÉRIAS;FÉRIAS;Jan;-R$ 777
CORPORATIVO J+;02.02.002;02.02;( - ) GASTOS COM PESSOAL;FÉRIAS;FÉRIAS;Jun;-R$ 1.200
CORPORATIVO J+;02.02.002;02.02;( - ) GASTOS COM PESSOAL;FÉRIAS;FÉRIAS;Out;-R$ 2.205
CORPORATIVO J+;02.02.002;02.02;( - ) GASTOS COM PESSOAL;FÉRIAS;FÉRIAS;Abr;-R$ 2.229
CORPORATIVO J+;02.02.002;02.02;( - ) GASTOS COM PESSOAL;FÉRIAS;FÉRIAS;Set;-R$ 2.269
CORPORATIVO J+;02.02.002;02.02;( - ) GASTOS COM PESSOAL;FÉRIAS;FÉRIAS;Nov;-R$ 3.086
CORPORATIVO J+;02.02.002;02.02;( - ) GASTOS COM PESSOAL;FÉRIAS;FÉRIAS;Mai;-R$ 3.117
CORPORATIVO J+;02.02.002;02.02;( - ) GASTOS COM PESSOAL;FÉRIAS;FÉRIAS;Jul;-R$ 6.667
CORPORATIVO J+;02.02.002;02.02;( - ) GASTOS COM PESSOAL;FÉRIAS;FÉRIAS;Ago;-R$ 6.840
CORPORATIVO J+;02.02.002;02.02;( - ) GASTOS COM PESSOAL;FÉRIAS;FÉRIAS;Mar;-R$ 10.420
CORPORATIVO J+;02.02.003;02.02;( - ) GASTOS COM PESSOAL;DECIMO TERCEIRO SALÁRIO;DECIMO TERCEIRO SALÁRIO;Nov;-R$ 48.514
CORPORATIVO J+;02.02.004;02.02;( - ) GASTOS COM PESSOAL;RESCISÕES TRABALHISTAS;RESCISÕES TRABALHISTAS;Dez;-R$ 2.580
CORPORATIVO J+;02.02.004;02.02;( - ) GASTOS COM PESSOAL;RESCISÕES TRABALHISTAS;RESCISÕES TRABALHISTAS;Abr;-R$ 2.718
CORPORATIVO J+;02.02.004;02.02;( - ) GASTOS COM PESSOAL;RESCISÕES TRABALHISTAS;RESCISÕES TRABALHISTAS;Jul;-R$ 3.543
CORPORATIVO J+;02.02.004;02.02;( - ) GASTOS COM PESSOAL;RESCISÕES TRABALHISTAS;RESCISÕES TRABALHISTAS;Out;-R$ 3.941
CORPORATIVO J+;02.02.004;02.02;( - ) GASTOS COM PESSOAL;RESCISÕES TRABALHISTAS;RESCISÕES TRABALHISTAS;Set;-R$ 5.627
CORPORATIVO J+;02.02.004;02.02;( - ) GASTOS COM PESSOAL;RESCISÕES TRABALHISTAS;RESCISÕES TRABALHISTAS;Ago;-R$ 5.974
CORPORATIVO J+;02.02.004;02.02;( - ) GASTOS COM PESSOAL;RESCISÕES TRABALHISTAS;RESCISÕES TRABALHISTAS;Fev;-R$ 8.014
CORPORATIVO J+;02.02.004;02.02;( - ) GASTOS COM PESSOAL;RESCISÕES TRABALHISTAS;RESCISÕES TRABALHISTAS;Jan;-R$ 9.561
CORPORATIVO J+;02.02.005;02.02;( - ) GASTOS COM PESSOAL;IRPF S/ SALARIO;IRPF S/ SALARIO;Mar;-R$ 535
CORPORATIVO J+;02.02.006;02.02;( - ) GASTOS COM PESSOAL;HORAS EXTRAS;HORAS EXTRAS;Mar;-R$ 328
CORPORATIVO J+;02.02.006;02.02;( - ) GASTOS COM PESSOAL;HORAS EXTRAS;HORAS EXTRAS;Set;-R$ 817
CORPORATIVO J+;02.02.006;02.02;( - ) GASTOS COM PESSOAL;HORAS EXTRAS;HORAS EXTRAS;Fev;-R$ 2.544
CORPORATIVO J+;02.02.007;02.02;( - ) GASTOS COM PESSOAL;GRATIFICAÇÕES E COMISSÕES;GRATIFICAÇÕES E COMISSÕES;Jun;-R$ 728
CORPORATIVO J+;02.02.007;02.02;( - ) GASTOS COM PESSOAL;GRATIFICAÇÕES E COMISSÕES;GRATIFICAÇÕES E COMISSÕES;Dez;-R$ 931
CORPORATIVO J+;02.02.007;02.02;( - ) GASTOS COM PESSOAL;GRATIFICAÇÕES E COMISSÕES;GRATIFICAÇÕES E COMISSÕES;Out;-R$ 1.084
CORPORATIVO J+;02.02.007;02.02;( - ) GASTOS COM PESSOAL;GRATIFICAÇÕES E COMISSÕES;GRATIFICAÇÕES E COMISSÕES;Nov;-R$ 1.275
CORPORATIVO J+;02.02.007;02.02;( - ) GASTOS COM PESSOAL;GRATIFICAÇÕES E COMISSÕES;GRATIFICAÇÕES E COMISSÕES;Abr;-R$ 1.785
CORPORATIVO J+;02.02.007;02.02;( - ) GASTOS COM PESSOAL;GRATIFICAÇÕES E COMISSÕES;GRATIFICAÇÕES E COMISSÕES;Set;-R$ 2.700
CORPORATIVO J+;02.02.008;02.02;( - ) GASTOS COM PESSOAL;INDENIZAÇÕES TRABALHISTAS;INDENIZAÇÕES TRABALHISTAS;Ago;-R$ 10.000
CORPORATIVO J+;02.02.008;02.02;( - ) GASTOS COM PESSOAL;INDENIZAÇÕES TRABALHISTAS;INDENIZAÇÕES TRABALHISTAS;Jul;-R$ 10.000
CORPORATIVO J+;02.02.008;02.02;( - ) GASTOS COM PESSOAL;INDENIZAÇÕES TRABALHISTAS;INDENIZAÇÕES TRABALHISTAS;Set;-R$ 10.000
CORPORATIVO J+;02.02.008;02.02;( - ) GASTOS COM PESSOAL;INDENIZAÇÕES TRABALHISTAS;INDENIZAÇÕES TRABALHISTAS;Nov;-R$ 10.600
CORPORATIVO J+;02.02.008;02.02;( - ) GASTOS COM PESSOAL;INDENIZAÇÕES TRABALHISTAS;INDENIZAÇÕES TRABALHISTAS;Out;-R$ 16.907
CORPORATIVO J+;02.02.009;02.02;( - ) SERVIÇOS DE TERCEIROS;TREINAMENTOS E CAPACITAÇÕES;TREINAMENTOS E CAPACITAÇÕES;Jan;-R$ 236
CORPORATIVO J+;02.02.009;02.02;( - ) SERVIÇOS DE TERCEIROS;TREINAMENTOS E CAPACITAÇÕES;TREINAMENTOS E CAPACITAÇÕES;Mar;-R$ 5.634
CORPORATIVO J+;02.02.009;02.02;( - ) SERVIÇOS DE TERCEIROS;TREINAMENTOS E CAPACITAÇÕES;TREINAMENTOS E CAPACITAÇÕES;Abr;-R$ 6.333
CORPORATIVO J+;02.02.010;02.02;( - ) GASTOS COM PESSOAL;UNIFORME E EPI;UNIFORME E EPI;Ago;-R$ 54
CORPORATIVO J+;02.02.010;02.02;( - ) GASTOS COM PESSOAL;UNIFORME E EPI;UNIFORME E EPI;Dez;-R$ 110
CORPORATIVO J+;02.02.010;02.02;( - ) GASTOS COM PESSOAL;UNIFORME E EPI;UNIFORME E EPI;Jul;-R$ 348
CORPORATIVO J+;02.02.010;02.02;( - ) GASTOS COM PESSOAL;UNIFORME E EPI;UNIFORME E EPI;Mai;-R$ 500
CORPORATIVO J+;02.02.010;02.02;( - ) GASTOS COM PESSOAL;UNIFORME E EPI;UNIFORME E EPI;Abr;-R$ 1.230
CORPORATIVO J+;02.02.010;02.02;( - ) GASTOS COM PESSOAL;UNIFORME E EPI;UNIFORME E EPI;Jan;-R$ 3.903
CORPORATIVO J+;02.02.011;02.02;( - ) GASTOS COM PESSOAL;VALE TRANSPORTE;VALE TRANSPORTE;Mar;-R$ 163
CORPORATIVO J+;02.02.011;02.02;( - ) GASTOS COM PESSOAL;VALE TRANSPORTE;VALE TRANSPORTE;Mai;-R$ 190
CORPORATIVO J+;02.02.013;02.02;( - ) GASTOS COM PESSOAL;PLANO DE SAÚDE;PLANO DE SAÚDE;Jun;-R$ 587
CORPORATIVO J+;02.02.014;02.02;( - ) GASTOS COM PESSOAL;VALE ALIMENTAÇÃO/REFEIÇÃO;VALE ALIMENTAÇÃO/REFEIÇÃO;Dez;-R$ 42
CORPORATIVO J+;02.02.015;02.02;( - ) GASTOS COM PESSOAL;OUTROS GASTOS COM PESSOAL;OUTROS GASTOS COM PESSOAL;Abr;-R$ 1.168
CORPORATIVO J+;02.02.015;02.02;( - ) GASTOS COM PESSOAL;OUTROS GASTOS COM PESSOAL;OUTROS GASTOS COM PESSOAL;Jan;-R$ 1.323
CORPORATIVO J+;02.02.016;02.02;( - ) GASTOS COM PESSOAL;INSS;INSS;Mar;-R$ 13.810
CORPORATIVO J+;02.02.017;02.02;( - ) GASTOS COM PESSOAL;FGTS;FGTS;Jun;-R$ 1.496
CORPORATIVO J+;02.02.017;02.02;( - ) GASTOS COM PESSOAL;FGTS;FGTS;Jan;-R$ 1.517
CORPORATIVO J+;02.02.017;02.02;( - ) GASTOS COM PESSOAL;FGTS;FGTS;Ago;-R$ 4.320
CORPORATIVO J+;02.02.017;02.02;( - ) GASTOS COM PESSOAL;FGTS;FGTS;Set;-R$ 8.470
CORPORATIVO J+;02.02.017;02.02;( - ) GASTOS COM PESSOAL;FGTS;FGTS;Out;-R$ 11.827
CORPORATIVO J+;02.02.017;02.02;( - ) GASTOS COM PESSOAL;FGTS;FGTS;Nov;-R$ 13.073
CORPORATIVO J+;02.02.017;02.02;( - ) GASTOS COM PESSOAL;FGTS;FGTS;Abr;-R$ 13.903
CORPORATIVO J+;02.02.017;02.02;( - ) GASTOS COM PESSOAL;FGTS;FGTS;Mar;-R$ 14.677
CORPORATIVO J+;02.02.017;02.02;( - ) GASTOS COM PESSOAL;FGTS;FGTS;Dez;-R$ 17.328
CORPORATIVO J+;02.02.018;02.02;( - ) GASTOS COM PESSOAL;FGTS RESCISÓRIO;FGTS RESCISÓRIO;Out;-R$ 164
CORPORATIVO J+;02.02.018;02.02;( - ) GASTOS COM PESSOAL;FGTS RESCISÓRIO;FGTS RESCISÓRIO;Abr;-R$ 318
CORPORATIVO J+;02.02.018;02.02;( - ) GASTOS COM PESSOAL;FGTS RESCISÓRIO;FGTS RESCISÓRIO;Fev;-R$ 1.147
CORPORATIVO J+;02.02.018;02.02;( - ) GASTOS COM PESSOAL;FGTS RESCISÓRIO;FGTS RESCISÓRIO;Jul;-R$ 2.502
CORPORATIVO J+;02.02.018;02.02;( - ) GASTOS COM PESSOAL;FGTS RESCISÓRIO;FGTS RESCISÓRIO;Set;-R$ 2.595
CORPORATIVO J+;02.02.019;02.02;( - ) GASTOS COM PESSOAL;FREELANCER;FREELANCER;Abr;-R$ 120
CORPORATIVO J+;02.02.019;02.02;( - ) GASTOS COM PESSOAL;FREELANCER;FREELANCER;Jun;-R$ 150
CORPORATIVO J+;02.02.019;02.02;( - ) GASTOS COM PESSOAL;FREELANCER;FREELANCER;Jan;-R$ 360
CORPORATIVO J+;02.02.019;02.02;( - ) GASTOS COM PESSOAL;FREELANCER;FREELANCER;Mai;-R$ 2.624
CORPORATIVO J+;02.02.020;02.02;( - ) GASTOS COM PESSOAL;EXAME ADMISSIONAL/DEMISSIONAL;EXAME ADMISSIONAL/DEMISSIONAL;Out;-R$ 33
CORPORATIVO J+;02.02.020;02.02;( - ) GASTOS COM PESSOAL;EXAME ADMISSIONAL/DEMISSIONAL;EXAME ADMISSIONAL/DEMISSIONAL;Jul;-R$ 108
CORPORATIVO J+;02.02.020;02.02;( - ) GASTOS COM PESSOAL;EXAME ADMISSIONAL/DEMISSIONAL;EXAME ADMISSIONAL/DEMISSIONAL;Nov;-R$ 110
CORPORATIVO J+;02.02.020;02.02;( - ) GASTOS COM PESSOAL;EXAME ADMISSIONAL/DEMISSIONAL;EXAME ADMISSIONAL/DEMISSIONAL;Ago;-R$ 156
CORPORATIVO J+;02.02.020;02.02;( - ) GASTOS COM PESSOAL;EXAME ADMISSIONAL/DEMISSIONAL;EXAME ADMISSIONAL/DEMISSIONAL;Jun;-R$ 193
CORPORATIVO J+;02.02.020;02.02;( - ) GASTOS COM PESSOAL;EXAME ADMISSIONAL/DEMISSIONAL;EXAME ADMISSIONAL/DEMISSIONAL;Set;-R$ 1.135
CORPORATIVO J+;02.02.020;02.02;( - ) GASTOS COM PESSOAL;EXAME ADMISSIONAL/DEMISSIONAL;EXAME ADMISSIONAL/DEMISSIONAL;Abr;-R$ 1.550
CORPORATIVO J+;02.02.021;02.02;( - ) GASTOS COM PESSOAL;AJUDA DE CUSTO;AJUDA DE CUSTO;Dez;-R$ 1.090
CORPORATIVO J+;02.02.021;02.02;( - ) GASTOS COM PESSOAL;AJUDA DE CUSTO;AJUDA DE CUSTO;Jan;-R$ 3.490
CORPORATIVO J+;02.02.021;02.02;( - ) GASTOS COM PESSOAL;AJUDA DE CUSTO;AJUDA DE CUSTO;Jun;-R$ 3.592
CORPORATIVO J+;02.02.021;02.02;( - ) GASTOS COM PESSOAL;AJUDA DE CUSTO;AJUDA DE CUSTO;Mar;-R$ 4.330
CORPORATIVO J+;02.02.021;02.02;( - ) GASTOS COM PESSOAL;AJUDA DE CUSTO;AJUDA DE CUSTO;Fev;-R$ 4.530
CORPORATIVO J+;02.02.021;02.02;( - ) GASTOS COM PESSOAL;AJUDA DE CUSTO;AJUDA DE CUSTO;Mai;-R$ 5.300
CORPORATIVO J+;02.02.021;02.02;( - ) GASTOS COM PESSOAL;AJUDA DE CUSTO;AJUDA DE CUSTO;Jul;-R$ 5.570
CORPORATIVO J+;02.02.021;02.02;( - ) GASTOS COM PESSOAL;AJUDA DE CUSTO;AJUDA DE CUSTO;Ago;-R$ 5.610
CORPORATIVO J+;02.02.021;02.02;( - ) GASTOS COM PESSOAL;AJUDA DE CUSTO;AJUDA DE CUSTO;Set;-R$ 6.019
CORPORATIVO J+;02.02.021;02.02;( - ) GASTOS COM PESSOAL;AJUDA DE CUSTO;AJUDA DE CUSTO;Out;-R$ 7.622
CORPORATIVO J+;02.02.021;02.02;( - ) GASTOS COM PESSOAL;AJUDA DE CUSTO;AJUDA DE CUSTO;Abr;-R$ 8.350
CORPORATIVO J+;02.02.021;02.02;( - ) GASTOS COM PESSOAL;AJUDA DE CUSTO;AJUDA DE CUSTO;Nov;-R$ 8.385
CORPORATIVO J+;02.02.022;02.02;( - ) SERVIÇOS DE TERCEIROS;PRO-LABORE SOCIO PRINCIPAL;PRO-LABORE SOCIO PRINCIPAL;Set;-R$ 86
CORPORATIVO J+;02.02.022;02.02;( - ) SERVIÇOS DE TERCEIROS;PRO-LABORE SOCIO PRINCIPAL;PRO-LABORE SOCIO PRINCIPAL;Nov;-R$ 95
CORPORATIVO J+;02.02.022;02.02;( - ) SERVIÇOS DE TERCEIROS;PRO-LABORE SOCIO PRINCIPAL;PRO-LABORE SOCIO PRINCIPAL;Ago;-R$ 95
CORPORATIVO J+;02.02.022;02.02;( - ) SERVIÇOS DE TERCEIROS;PRO-LABORE SOCIO PRINCIPAL;PRO-LABORE SOCIO PRINCIPAL;Abr;-R$ 95
CORPORATIVO J+;02.02.022;02.02;( - ) SERVIÇOS DE TERCEIROS;PRO-LABORE SOCIO PRINCIPAL;PRO-LABORE SOCIO PRINCIPAL;Dez;-R$ 95
CORPORATIVO J+;02.02.022;02.02;( - ) SERVIÇOS DE TERCEIROS;PRO-LABORE SOCIO PRINCIPAL;PRO-LABORE SOCIO PRINCIPAL;Mai;-R$ 95
CORPORATIVO J+;02.02.022;02.02;( - ) SERVIÇOS DE TERCEIROS;PRO-LABORE SOCIO PRINCIPAL;PRO-LABORE SOCIO PRINCIPAL;Jun;-R$ 95
CORPORATIVO J+;02.02.022;02.02;( - ) SERVIÇOS DE TERCEIROS;PRO-LABORE SOCIO PRINCIPAL;PRO-LABORE SOCIO PRINCIPAL;Fev;-R$ 387
CORPORATIVO J+;02.02.023;02.02;( - ) GASTOS COM PESSOAL;MEDICAMENTOS/CURATIVOS;MEDICAMENTOS/CURATIVOS;Set;-R$ 38
CORPORATIVO J+;02.02.023;02.02;( - ) GASTOS COM PESSOAL;MEDICAMENTOS/CURATIVOS;MEDICAMENTOS/CURATIVOS;Jul;-R$ 808
CORPORATIVO J+;02.02.025;02.02;( - ) DEDUÇÕES SOBRE RECEITA;GORJETAS;GORJETAS;Dez;-R$ 3.148
CORPORATIVO J+;02.02.027;02.02;( - ) GASTOS COM PESSOAL;EMPRESTIMO A FUNCIONARIO;EMPRESTIMO A FUNCIONARIO;Dez;-R$ 1.700
CORPORATIVO J+;02.02.027;02.02;( - ) GASTOS COM PESSOAL;EMPRESTIMO A FUNCIONARIO;EMPRESTIMO A FUNCIONARIO;Jul;-R$ 1.700
CORPORATIVO J+;02.02.027;02.02;( - ) GASTOS COM PESSOAL;EMPRESTIMO A FUNCIONARIO;EMPRESTIMO A FUNCIONARIO;Fev;-R$ 3.774
CORPORATIVO J+;02.02.030;02.02;( - ) GASTOS COM PESSOAL;SINDICATO;SINDICATO;Set;-R$ 240
CORPORATIVO J+;02.02.030;02.02;( - ) GASTOS COM PESSOAL;SINDICATO;SINDICATO;Jul;-R$ 404
CORPORATIVO J+;02.02.030;02.02;( - ) GASTOS COM PESSOAL;SINDICATO;SINDICATO;Dez;-R$ 507
CORPORATIVO J+;02.02.030;02.02;( - ) GASTOS COM PESSOAL;SINDICATO;SINDICATO;Out;-R$ 1.109
CORPORATIVO J+;02.02.030;02.02;( - ) GASTOS COM PESSOAL;SINDICATO;SINDICATO;Ago;-R$ 2.611
CORPORATIVO J+;02.02.030;02.02;( - ) GASTOS COM PESSOAL;SINDICATO;SINDICATO;Jun;-R$ 15.487
CORPORATIVO J+;02.03.001.01;02.03.001;( - ) UTILIDADES E SERVIÇOS;ALUGUEL DE IMOVEIS;ALUGUEL E CONDOMÍNIOS;Jun;-R$ 900
CORPORATIVO J+;02.03.001.01;02.03.001;( - ) UTILIDADES E SERVIÇOS;ALUGUEL DE IMOVEIS;ALUGUEL E CONDOMÍNIOS;Abr;-R$ 3.137
CORPORATIVO J+;02.03.001.01;02.03.001;( - ) UTILIDADES E SERVIÇOS;ALUGUEL DE IMOVEIS;ALUGUEL E CONDOMÍNIOS;Mar;-R$ 4.489
CORPORATIVO J+;02.03.001.01;02.03.001;( - ) UTILIDADES E SERVIÇOS;ALUGUEL DE IMOVEIS;ALUGUEL E CONDOMÍNIOS;Jul;-R$ 8.000
CORPORATIVO J+;02.03.001.01;02.03.001;( - ) UTILIDADES E SERVIÇOS;ALUGUEL DE IMOVEIS;ALUGUEL E CONDOMÍNIOS;Ago;-R$ 8.900
CORPORATIVO J+;02.03.001.01;02.03.001;( - ) UTILIDADES E SERVIÇOS;ALUGUEL DE IMOVEIS;ALUGUEL E CONDOMÍNIOS;Dez;-R$ 9.400
CORPORATIVO J+;02.03.001.01;02.03.001;( - ) UTILIDADES E SERVIÇOS;ALUGUEL DE IMOVEIS;ALUGUEL E CONDOMÍNIOS;Nov;-R$ 9.400
CORPORATIVO J+;02.03.001.01;02.03.001;( - ) UTILIDADES E SERVIÇOS;ALUGUEL DE IMOVEIS;ALUGUEL E CONDOMÍNIOS;Set;-R$ 9.400
CORPORATIVO J+;02.03.001.01;02.03.001;( - ) UTILIDADES E SERVIÇOS;ALUGUEL DE IMOVEIS;ALUGUEL E CONDOMÍNIOS;Out;-R$ 9.400
CORPORATIVO J+;02.03.001.02;02.03.001;( - ) UTILIDADES E SERVIÇOS;CONDOMINIO;ALUGUEL E CONDOMÍNIOS;Mar;-R$ 401
CORPORATIVO J+;02.03.002;02.03;( - ) UTILIDADES E SERVIÇOS;ENERGIA;ENERGIA;Mai;-R$ 102
CORPORATIVO J+;02.03.002;02.03;( - ) UTILIDADES E SERVIÇOS;ENERGIA;ENERGIA;Ago;-R$ 131
CORPORATIVO J+;02.03.002;02.03;( - ) UTILIDADES E SERVIÇOS;ENERGIA;ENERGIA;Jul;-R$ 689
CORPORATIVO J+;02.03.002;02.03;( - ) UTILIDADES E SERVIÇOS;ENERGIA;ENERGIA;Mar;-R$ 919
CORPORATIVO J+;02.03.002;02.03;( - ) UTILIDADES E SERVIÇOS;ENERGIA;ENERGIA;Set;-R$ 1.156
CORPORATIVO J+;02.03.002;02.03;( - ) UTILIDADES E SERVIÇOS;ENERGIA;ENERGIA;Abr;-R$ 1.831
CORPORATIVO J+;02.03.002;02.03;( - ) UTILIDADES E SERVIÇOS;ENERGIA;ENERGIA;Nov;-R$ 1.895
CORPORATIVO J+;02.03.002;02.03;( - ) UTILIDADES E SERVIÇOS;ENERGIA;ENERGIA;Out;-R$ 2.138
CORPORATIVO J+;02.03.003;02.03;( - ) UTILIDADES E SERVIÇOS;AGUA E ESGOTO;AGUA E ESGOTO;Ago;-R$ 138
CORPORATIVO J+;02.03.003;02.03;( - ) UTILIDADES E SERVIÇOS;AGUA E ESGOTO;AGUA E ESGOTO;Dez;-R$ 156
CORPORATIVO J+;02.03.003;02.03;( - ) UTILIDADES E SERVIÇOS;AGUA E ESGOTO;AGUA E ESGOTO;Jul;-R$ 158
CORPORATIVO J+;02.03.003;02.03;( - ) UTILIDADES E SERVIÇOS;AGUA E ESGOTO;AGUA E ESGOTO;Out;-R$ 179
CORPORATIVO J+;02.03.003;02.03;( - ) UTILIDADES E SERVIÇOS;AGUA E ESGOTO;AGUA E ESGOTO;Nov;-R$ 226
CORPORATIVO J+;02.03.003;02.03;( - ) UTILIDADES E SERVIÇOS;AGUA E ESGOTO;AGUA E ESGOTO;Set;-R$ 226
CORPORATIVO J+;02.03.004;02.03;( - ) UTILIDADES E SERVIÇOS;SERVICOS DE TELEFONIA FIXA/INERNET/TV;SERVICOS DE TELEFONIA FIXA/INERNET/TV;Fev;-R$ 67
CORPORATIVO J+;02.03.004;02.03;( - ) UTILIDADES E SERVIÇOS;SERVICOS DE TELEFONIA FIXA/INERNET/TV;SERVICOS DE TELEFONIA FIXA/INERNET/TV;Nov;-R$ 1.090
CORPORATIVO J+;02.03.004;02.03;( - ) UTILIDADES E SERVIÇOS;SERVICOS DE TELEFONIA FIXA/INERNET/TV;SERVICOS DE TELEFONIA FIXA/INERNET/TV;Dez;-R$ 1.090
CORPORATIVO J+;02.03.004;02.03;( - ) UTILIDADES E SERVIÇOS;SERVICOS DE TELEFONIA FIXA/INERNET/TV;SERVICOS DE TELEFONIA FIXA/INERNET/TV;Out;-R$ 1.188
CORPORATIVO J+;02.03.004;02.03;( - ) UTILIDADES E SERVIÇOS;SERVICOS DE TELEFONIA FIXA/INERNET/TV;SERVICOS DE TELEFONIA FIXA/INERNET/TV;Set;-R$ 1.249
CORPORATIVO J+;02.03.004;02.03;( - ) UTILIDADES E SERVIÇOS;SERVICOS DE TELEFONIA FIXA/INERNET/TV;SERVICOS DE TELEFONIA FIXA/INERNET/TV;Jun;-R$ 1.310
CORPORATIVO J+;02.03.004;02.03;( - ) UTILIDADES E SERVIÇOS;SERVICOS DE TELEFONIA FIXA/INERNET/TV;SERVICOS DE TELEFONIA FIXA/INERNET/TV;Ago;-R$ 1.579
CORPORATIVO J+;02.03.004;02.03;( - ) UTILIDADES E SERVIÇOS;SERVICOS DE TELEFONIA FIXA/INERNET/TV;SERVICOS DE TELEFONIA FIXA/INERNET/TV;Abr;-R$ 2.292
CORPORATIVO J+;02.03.004;02.03;( - ) UTILIDADES E SERVIÇOS;SERVICOS DE TELEFONIA FIXA/INERNET/TV;SERVICOS DE TELEFONIA FIXA/INERNET/TV;Jul;-R$ 3.392
CORPORATIVO J+;02.03.005;02.03;( - ) UTILIDADES E SERVIÇOS;MANUTENÇÃO DE VEÍCULO;MANUTENÇÃO DE VEÍCULO;Jul;-R$ 29
CORPORATIVO J+;02.03.005;02.03;( - ) UTILIDADES E SERVIÇOS;MANUTENÇÃO DE VEÍCULO;MANUTENÇÃO DE VEÍCULO;Set;-R$ 1.898
CORPORATIVO J+;02.03.006;02.03;( - ) DESPESAS ADMINISTRATIVAS;APÓLICES E SEGUROS;APÓLICES E SEGUROS;Jun;-R$ 567
CORPORATIVO J+;02.03.006;02.03;( - ) DESPESAS ADMINISTRATIVAS;APÓLICES E SEGUROS;APÓLICES E SEGUROS;Mai;-R$ 1.133
CORPORATIVO J+;02.03.006;02.03;( - ) DESPESAS ADMINISTRATIVAS;APÓLICES E SEGUROS;APÓLICES E SEGUROS;Jul;-R$ 2.606
CORPORATIVO J+;02.03.006;02.03;( - ) DESPESAS ADMINISTRATIVAS;APÓLICES E SEGUROS;APÓLICES E SEGUROS;Ago;-R$ 4.046
CORPORATIVO J+;02.03.006;02.03;( - ) DESPESAS ADMINISTRATIVAS;APÓLICES E SEGUROS;APÓLICES E SEGUROS;Dez;-R$ 4.165
CORPORATIVO J+;02.03.006;02.03;( - ) DESPESAS ADMINISTRATIVAS;APÓLICES E SEGUROS;APÓLICES E SEGUROS;Set;-R$ 4.168
CORPORATIVO J+;02.03.006;02.03;( - ) DESPESAS ADMINISTRATIVAS;APÓLICES E SEGUROS;APÓLICES E SEGUROS;Out;-R$ 4.210
CORPORATIVO J+;02.03.006;02.03;( - ) DESPESAS ADMINISTRATIVAS;APÓLICES E SEGUROS;APÓLICES E SEGUROS;Nov;-R$ 4.214
CORPORATIVO J+;02.03.007;02.03;( - ) DESPESAS ADMINISTRATIVAS;MATERIAIS DE INFORMÁTICA;MATERIAIS DE INFORMÁTICA;Nov;-R$ 300
CORPORATIVO J+;02.03.007;02.03;( - ) DESPESAS ADMINISTRATIVAS;MATERIAIS DE INFORMÁTICA;MATERIAIS DE INFORMÁTICA;Set;-R$ 346
CORPORATIVO J+;02.03.007;02.03;( - ) DESPESAS ADMINISTRATIVAS;MATERIAIS DE INFORMÁTICA;MATERIAIS DE INFORMÁTICA;Jan;-R$ 763
CORPORATIVO J+;02.03.007;02.03;( - ) DESPESAS ADMINISTRATIVAS;MATERIAIS DE INFORMÁTICA;MATERIAIS DE INFORMÁTICA;Fev;-R$ 1.013
CORPORATIVO J+;02.03.007;02.03;( - ) DESPESAS ADMINISTRATIVAS;MATERIAIS DE INFORMÁTICA;MATERIAIS DE INFORMÁTICA;Out;-R$ 1.185
CORPORATIVO J+;02.03.007;02.03;( - ) DESPESAS ADMINISTRATIVAS;MATERIAIS DE INFORMÁTICA;MATERIAIS DE INFORMÁTICA;Jun;-R$ 1.305
CORPORATIVO J+;02.03.007;02.03;( - ) DESPESAS ADMINISTRATIVAS;MATERIAIS DE INFORMÁTICA;MATERIAIS DE INFORMÁTICA;Jul;-R$ 1.702
CORPORATIVO J+;02.03.007;02.03;( - ) DESPESAS ADMINISTRATIVAS;MATERIAIS DE INFORMÁTICA;MATERIAIS DE INFORMÁTICA;Ago;-R$ 1.866
CORPORATIVO J+;02.03.007;02.03;( - ) DESPESAS ADMINISTRATIVAS;MATERIAIS DE INFORMÁTICA;MATERIAIS DE INFORMÁTICA;Mar;-R$ 6.323
CORPORATIVO J+;02.03.007;02.03;( - ) DESPESAS ADMINISTRATIVAS;MATERIAIS DE INFORMÁTICA;MATERIAIS DE INFORMÁTICA;Abr;-R$ 7.522
CORPORATIVO J+;02.03.008;02.03;( - ) DESPESAS ADMINISTRATIVAS;MATERIAL DE ESCRITORIO;MATERIAL DE ESCRITORIO;Set;-R$ 72
CORPORATIVO J+;02.03.008;02.03;( - ) DESPESAS ADMINISTRATIVAS;MATERIAL DE ESCRITORIO;MATERIAL DE ESCRITORIO;Mar;-R$ 340
CORPORATIVO J+;02.03.008;02.03;( - ) DESPESAS ADMINISTRATIVAS;MATERIAL DE ESCRITORIO;MATERIAL DE ESCRITORIO;Mai;-R$ 432
CORPORATIVO J+;02.03.008;02.03;( - ) DESPESAS ADMINISTRATIVAS;MATERIAL DE ESCRITORIO;MATERIAL DE ESCRITORIO;Dez;-R$ 452
CORPORATIVO J+;02.03.008;02.03;( - ) DESPESAS ADMINISTRATIVAS;MATERIAL DE ESCRITORIO;MATERIAL DE ESCRITORIO;Nov;-R$ 455
CORPORATIVO J+;02.03.008;02.03;( - ) DESPESAS ADMINISTRATIVAS;MATERIAL DE ESCRITORIO;MATERIAL DE ESCRITORIO;Jan;-R$ 508
CORPORATIVO J+;02.03.008;02.03;( - ) DESPESAS ADMINISTRATIVAS;MATERIAL DE ESCRITORIO;MATERIAL DE ESCRITORIO;Fev;-R$ 597
CORPORATIVO J+;02.03.008;02.03;( - ) DESPESAS ADMINISTRATIVAS;MATERIAL DE ESCRITORIO;MATERIAL DE ESCRITORIO;Jul;-R$ 908
CORPORATIVO J+;02.03.008;02.03;( - ) DESPESAS ADMINISTRATIVAS;MATERIAL DE ESCRITORIO;MATERIAL DE ESCRITORIO;Out;-R$ 1.000
CORPORATIVO J+;02.03.008;02.03;( - ) DESPESAS ADMINISTRATIVAS;MATERIAL DE ESCRITORIO;MATERIAL DE ESCRITORIO;Jun;-R$ 1.365
CORPORATIVO J+;02.03.008;02.03;( - ) DESPESAS ADMINISTRATIVAS;MATERIAL DE ESCRITORIO;MATERIAL DE ESCRITORIO;Abr;-R$ 1.410
CORPORATIVO J+;02.03.008;02.03;( - ) DESPESAS ADMINISTRATIVAS;MATERIAL DE ESCRITORIO;MATERIAL DE ESCRITORIO;Ago;-R$ 2.310
CORPORATIVO J+;02.03.009;02.03;( - ) CUSTOS VARIÁVEIS;MATERIAIS DE USO E CONSUMO;MATERIAIS DE USO E CONSUMO;Out;-R$ 25
CORPORATIVO J+;02.03.009;02.03;( - ) CUSTOS VARIÁVEIS;MATERIAIS DE USO E CONSUMO;MATERIAIS DE USO E CONSUMO;Fev;-R$ 38
CORPORATIVO J+;02.03.009;02.03;( - ) CUSTOS VARIÁVEIS;MATERIAIS DE USO E CONSUMO;MATERIAIS DE USO E CONSUMO;Ago;-R$ 41
CORPORATIVO J+;02.03.009;02.03;( - ) CUSTOS VARIÁVEIS;MATERIAIS DE USO E CONSUMO;MATERIAIS DE USO E CONSUMO;Mai;-R$ 63
CORPORATIVO J+;02.03.009;02.03;( - ) CUSTOS VARIÁVEIS;MATERIAIS DE USO E CONSUMO;MATERIAIS DE USO E CONSUMO;Jun;-R$ 63
CORPORATIVO J+;02.03.009;02.03;( - ) CUSTOS VARIÁVEIS;MATERIAIS DE USO E CONSUMO;MATERIAIS DE USO E CONSUMO;Dez;-R$ 118
CORPORATIVO J+;02.03.010;02.03;( - ) CUSTOS VARIÁVEIS;MATERIAIS DE LIMPEZA / HIGIENE;MATERIAIS DE LIMPEZA / HIGIENE;Abr;-R$ 14
CORPORATIVO J+;02.03.010;02.03;( - ) CUSTOS VARIÁVEIS;MATERIAIS DE LIMPEZA / HIGIENE;MATERIAIS DE LIMPEZA / HIGIENE;Jun;-R$ 24
CORPORATIVO J+;02.03.010;02.03;( - ) CUSTOS VARIÁVEIS;MATERIAIS DE LIMPEZA / HIGIENE;MATERIAIS DE LIMPEZA / HIGIENE;Ago;-R$ 33
CORPORATIVO J+;02.03.010;02.03;( - ) CUSTOS VARIÁVEIS;MATERIAIS DE LIMPEZA / HIGIENE;MATERIAIS DE LIMPEZA / HIGIENE;Jul;-R$ 118
CORPORATIVO J+;02.03.010;02.03;( - ) CUSTOS VARIÁVEIS;MATERIAIS DE LIMPEZA / HIGIENE;MATERIAIS DE LIMPEZA / HIGIENE;Mai;-R$ 200
CORPORATIVO J+;02.03.010;02.03;( - ) CUSTOS VARIÁVEIS;MATERIAIS DE LIMPEZA / HIGIENE;MATERIAIS DE LIMPEZA / HIGIENE;Nov;-R$ 726
CORPORATIVO J+;02.03.011;02.03;( - ) CUSTOS VARIÁVEIS;LOCACAO DE MAQUINAS EQUIPAMENTOS;LOCACAO DE MAQUINAS EQUIPAMENTOS;Set;-R$ 220
CORPORATIVO J+;02.03.011;02.03;( - ) CUSTOS VARIÁVEIS;LOCACAO DE MAQUINAS EQUIPAMENTOS;LOCACAO DE MAQUINAS EQUIPAMENTOS;Ago;-R$ 550
CORPORATIVO J+;02.03.013;02.03;( - ) UTILIDADES E SERVIÇOS;AR CONDICIONADO;AR CONDICIONADO;Fev;-R$ 250
CORPORATIVO J+;02.03.013;02.03;( - ) UTILIDADES E SERVIÇOS;AR CONDICIONADO;AR CONDICIONADO;Abr;-R$ 300
CORPORATIVO J+;02.03.013;02.03;( - ) UTILIDADES E SERVIÇOS;AR CONDICIONADO;AR CONDICIONADO;Mai;-R$ 300
CORPORATIVO J+;02.03.013;02.03;( - ) UTILIDADES E SERVIÇOS;AR CONDICIONADO;AR CONDICIONADO;Mar;-R$ 320
CORPORATIVO J+;02.03.014;02.03;( - ) DESPESAS ADMINISTRATIVAS;DEPESAS VIAGEM/HOSPEDAGEM/ALIMENTAÇÃO;DEPESAS VIAGEM/HOSPEDAGEM/ALIMENTAÇÃO;Dez;-R$ 137
CORPORATIVO J+;02.03.014;02.03;( - ) DESPESAS ADMINISTRATIVAS;DEPESAS VIAGEM/HOSPEDAGEM/ALIMENTAÇÃO;DEPESAS VIAGEM/HOSPEDAGEM/ALIMENTAÇÃO;Ago;-R$ 358
CORPORATIVO J+;02.03.014;02.03;( - ) DESPESAS ADMINISTRATIVAS;DEPESAS VIAGEM/HOSPEDAGEM/ALIMENTAÇÃO;DEPESAS VIAGEM/HOSPEDAGEM/ALIMENTAÇÃO;Set;-R$ 358
CORPORATIVO J+;02.03.014;02.03;( - ) DESPESAS ADMINISTRATIVAS;DEPESAS VIAGEM/HOSPEDAGEM/ALIMENTAÇÃO;DEPESAS VIAGEM/HOSPEDAGEM/ALIMENTAÇÃO;Nov;-R$ 684
CORPORATIVO J+;02.03.014;02.03;( - ) DESPESAS ADMINISTRATIVAS;DEPESAS VIAGEM/HOSPEDAGEM/ALIMENTAÇÃO;DEPESAS VIAGEM/HOSPEDAGEM/ALIMENTAÇÃO;Jul;-R$ 1.074
CORPORATIVO J+;02.03.014;02.03;( - ) DESPESAS ADMINISTRATIVAS;DEPESAS VIAGEM/HOSPEDAGEM/ALIMENTAÇÃO;DEPESAS VIAGEM/HOSPEDAGEM/ALIMENTAÇÃO;Out;-R$ 4.416
CORPORATIVO J+;02.04.001;02.04;( - ) CUSTOS VARIÁVEIS;SERVIÇOS DE LIMPEZA;SERVIÇOS DE LIMPEZA;Mar;-R$ 240
CORPORATIVO J+;02.04.001;02.04;( - ) CUSTOS VARIÁVEIS;SERVIÇOS DE LIMPEZA;SERVIÇOS DE LIMPEZA;Abr;-R$ 360
CORPORATIVO J+;02.04.001;02.04;( - ) CUSTOS VARIÁVEIS;SERVIÇOS DE LIMPEZA;SERVIÇOS DE LIMPEZA;Fev;-R$ 10.000
CORPORATIVO J+;02.04.002;02.04;( - ) SERVIÇOS DE TERCEIROS;HONORÁRIOS ADVOCATICIOS;HONORÁRIOS ADVOCATICIOS;Out;-R$ 1.800
CORPORATIVO J+;02.04.002;02.04;( - ) SERVIÇOS DE TERCEIROS;HONORÁRIOS ADVOCATICIOS;HONORÁRIOS ADVOCATICIOS;Dez;-R$ 1.800
CORPORATIVO J+;02.04.002;02.04;( - ) SERVIÇOS DE TERCEIROS;HONORÁRIOS ADVOCATICIOS;HONORÁRIOS ADVOCATICIOS;Nov;-R$ 1.800
CORPORATIVO J+;02.04.002;02.04;( - ) SERVIÇOS DE TERCEIROS;HONORÁRIOS ADVOCATICIOS;HONORÁRIOS ADVOCATICIOS;Jun;-R$ 1.800
CORPORATIVO J+;02.04.002;02.04;( - ) SERVIÇOS DE TERCEIROS;HONORÁRIOS ADVOCATICIOS;HONORÁRIOS ADVOCATICIOS;Mai;-R$ 1.800
CORPORATIVO J+;02.04.002;02.04;( - ) SERVIÇOS DE TERCEIROS;HONORÁRIOS ADVOCATICIOS;HONORÁRIOS ADVOCATICIOS;Set;-R$ 1.800
CORPORATIVO J+;02.04.004;02.04;( - ) SERVIÇOS DE TERCEIROS;SISTEMAS E SOFTWARES;SISTEMAS E SOFTWARES;Abr;-R$ 1.501
CORPORATIVO J+;02.04.004;02.04;( - ) SERVIÇOS DE TERCEIROS;SISTEMAS E SOFTWARES;SISTEMAS E SOFTWARES;Mai;-R$ 2.083
CORPORATIVO J+;02.04.004;02.04;( - ) SERVIÇOS DE TERCEIROS;SISTEMAS E SOFTWARES;SISTEMAS E SOFTWARES;Mar;-R$ 2.302
CORPORATIVO J+;02.04.004;02.04;( - ) SERVIÇOS DE TERCEIROS;SISTEMAS E SOFTWARES;SISTEMAS E SOFTWARES;Nov;-R$ 2.602
CORPORATIVO J+;02.04.004;02.04;( - ) SERVIÇOS DE TERCEIROS;SISTEMAS E SOFTWARES;SISTEMAS E SOFTWARES;Out;-R$ 4.266
CORPORATIVO J+;02.04.004;02.04;( - ) SERVIÇOS DE TERCEIROS;SISTEMAS E SOFTWARES;SISTEMAS E SOFTWARES;Jul;-R$ 5.412
CORPORATIVO J+;02.04.004;02.04;( - ) SERVIÇOS DE TERCEIROS;SISTEMAS E SOFTWARES;SISTEMAS E SOFTWARES;Ago;-R$ 5.790
CORPORATIVO J+;02.04.004;02.04;( - ) SERVIÇOS DE TERCEIROS;SISTEMAS E SOFTWARES;SISTEMAS E SOFTWARES;Set;-R$ 5.871
CORPORATIVO J+;02.04.004;02.04;( - ) SERVIÇOS DE TERCEIROS;SISTEMAS E SOFTWARES;SISTEMAS E SOFTWARES;Dez;-R$ 7.355
CORPORATIVO J+;02.04.004;02.04;( - ) SERVIÇOS DE TERCEIROS;SISTEMAS E SOFTWARES;SISTEMAS E SOFTWARES;Jun;-R$ 9.950
CORPORATIVO J+;02.04.006;02.04;( - ) SERVIÇOS DE TERCEIROS;SERVIÇOS DE MONITORAMENTO E SEGURANÇA;SERVIÇOS DE MONITORAMENTO E SEGURANÇA;Jul;-R$ 100
CORPORATIVO J+;02.04.006;02.04;( - ) SERVIÇOS DE TERCEIROS;SERVIÇOS DE MONITORAMENTO E SEGURANÇA;SERVIÇOS DE MONITORAMENTO E SEGURANÇA;Mar;-R$ 156
CORPORATIVO J+;02.04.006;02.04;( - ) SERVIÇOS DE TERCEIROS;SERVIÇOS DE MONITORAMENTO E SEGURANÇA;SERVIÇOS DE MONITORAMENTO E SEGURANÇA;Abr;-R$ 157
CORPORATIVO J+;02.04.006;02.04;( - ) SERVIÇOS DE TERCEIROS;SERVIÇOS DE MONITORAMENTO E SEGURANÇA;SERVIÇOS DE MONITORAMENTO E SEGURANÇA;Fev;-R$ 280
CORPORATIVO J+;02.04.007;02.04;( - ) SERVIÇOS DE TERCEIROS;CONSULTORIA FINANCEIRA;CONSULTORIA FINANCEIRA;Mai;-R$ 2.500
CORPORATIVO J+;02.04.007;02.04;( - ) SERVIÇOS DE TERCEIROS;CONSULTORIA FINANCEIRA;CONSULTORIA FINANCEIRA;Jan;-R$ 2.500
CORPORATIVO J+;02.04.007;02.04;( - ) SERVIÇOS DE TERCEIROS;CONSULTORIA FINANCEIRA;CONSULTORIA FINANCEIRA;Fev;-R$ 2.500
CORPORATIVO J+;02.04.007;02.04;( - ) SERVIÇOS DE TERCEIROS;CONSULTORIA FINANCEIRA;CONSULTORIA FINANCEIRA;Mar;-R$ 2.500
CORPORATIVO J+;02.04.007;02.04;( - ) SERVIÇOS DE TERCEIROS;CONSULTORIA FINANCEIRA;CONSULTORIA FINANCEIRA;Dez;-R$ 198.000
CORPORATIVO J+;02.04.009;02.04;( - ) CUSTOS VARIÁVEIS;FRETES E ESTACIONAMENTO;FRETES E ESTACIONAMENTO;Fev;-R$ 10
CORPORATIVO J+;02.04.009;02.04;( - ) CUSTOS VARIÁVEIS;FRETES E ESTACIONAMENTO;FRETES E ESTACIONAMENTO;Abr;-R$ 44
CORPORATIVO J+;02.04.009;02.04;( - ) CUSTOS VARIÁVEIS;FRETES E ESTACIONAMENTO;FRETES E ESTACIONAMENTO;Mai;-R$ 49
CORPORATIVO J+;02.04.009;02.04;( - ) CUSTOS VARIÁVEIS;FRETES E ESTACIONAMENTO;FRETES E ESTACIONAMENTO;Jan;-R$ 69
CORPORATIVO J+;02.04.009;02.04;( - ) CUSTOS VARIÁVEIS;FRETES E ESTACIONAMENTO;FRETES E ESTACIONAMENTO;Set;-R$ 197
CORPORATIVO J+;02.04.009;02.04;( - ) CUSTOS VARIÁVEIS;FRETES E ESTACIONAMENTO;FRETES E ESTACIONAMENTO;Jul;-R$ 291
CORPORATIVO J+;02.04.009;02.04;( - ) CUSTOS VARIÁVEIS;FRETES E ESTACIONAMENTO;FRETES E ESTACIONAMENTO;Out;-R$ 300
CORPORATIVO J+;02.04.009;02.04;( - ) CUSTOS VARIÁVEIS;FRETES E ESTACIONAMENTO;FRETES E ESTACIONAMENTO;Ago;-R$ 516
CORPORATIVO J+;02.04.010;02.04;( - ) SERVIÇOS DE TERCEIROS;SERVICOS TERCEIROS PF/PJ;SERVICOS TERCEIROS PF/PJ;Ago;-R$ 11
CORPORATIVO J+;02.04.010;02.04;( - ) SERVIÇOS DE TERCEIROS;SERVICOS TERCEIROS PF/PJ;SERVICOS TERCEIROS PF/PJ;Jan;-R$ 1.976
CORPORATIVO J+;02.04.010;02.04;( - ) SERVIÇOS DE TERCEIROS;SERVICOS TERCEIROS PF/PJ;SERVICOS TERCEIROS PF/PJ;Abr;-R$ 1.976
CORPORATIVO J+;02.04.010;02.04;( - ) SERVIÇOS DE TERCEIROS;SERVICOS TERCEIROS PF/PJ;SERVICOS TERCEIROS PF/PJ;Mar;-R$ 2.056
CORPORATIVO J+;02.04.010;02.04;( - ) SERVIÇOS DE TERCEIROS;SERVICOS TERCEIROS PF/PJ;SERVICOS TERCEIROS PF/PJ;Fev;-R$ 2.276
CORPORATIVO J+;02.04.010;02.04;( - ) SERVIÇOS DE TERCEIROS;SERVICOS TERCEIROS PF/PJ;SERVICOS TERCEIROS PF/PJ;Dez;-R$ 4.500
CORPORATIVO J+;02.04.010;02.04;( - ) SERVIÇOS DE TERCEIROS;SERVICOS TERCEIROS PF/PJ;SERVICOS TERCEIROS PF/PJ;Jul;-R$ 4.600
CORPORATIVO J+;02.04.010;02.04;( - ) SERVIÇOS DE TERCEIROS;SERVICOS TERCEIROS PF/PJ;SERVICOS TERCEIROS PF/PJ;Set;-R$ 6.329
CORPORATIVO J+;02.04.010;02.04;( - ) SERVIÇOS DE TERCEIROS;SERVICOS TERCEIROS PF/PJ;SERVICOS TERCEIROS PF/PJ;Nov;-R$ 12.250
CORPORATIVO J+;02.04.011;02.04;;CONSULTORIA EXPASAO;CONSULTORIA EXPASAO;Dez;-R$ 3.750
CORPORATIVO J+;02.04.011;02.04;;CONSULTORIA EXPASAO;CONSULTORIA EXPASAO;Out;-R$ 3.750
CORPORATIVO J+;02.04.011;02.04;;CONSULTORIA EXPASAO;CONSULTORIA EXPASAO;Set;-R$ 3.750
CORPORATIVO J+;02.04.011;02.04;;CONSULTORIA EXPASAO;CONSULTORIA EXPASAO;Abr;-R$ 3.750
CORPORATIVO J+;02.04.011;02.04;;CONSULTORIA EXPASAO;CONSULTORIA EXPASAO;Nov;-R$ 3.750
CORPORATIVO J+;02.04.011;02.04;;CONSULTORIA EXPASAO;CONSULTORIA EXPASAO;Mar;-R$ 3.750
CORPORATIVO J+;02.04.011;02.04;;CONSULTORIA EXPASAO;CONSULTORIA EXPASAO;Ago;-R$ 3.750
CORPORATIVO J+;02.04.011;02.04;;CONSULTORIA EXPASAO;CONSULTORIA EXPASAO;Jul;-R$ 3.750
CORPORATIVO J+;02.04.011;02.04;;CONSULTORIA EXPASAO;CONSULTORIA EXPASAO;Mai;-R$ 4.700
CORPORATIVO J+;02.04.011;02.04;;CONSULTORIA EXPASAO;CONSULTORIA EXPASAO;Jun;-R$ 8.450
CORPORATIVO J+;02.05.001;02.05;( - ) DESPESAS ADMINISTRATIVAS;ASSINATURAS E ANUIDADES;ASSINATURAS E ANUIDADES;Fev;-R$ 271
CORPORATIVO J+;02.05.001;02.05;( - ) DESPESAS ADMINISTRATIVAS;ASSINATURAS E ANUIDADES;ASSINATURAS E ANUIDADES;Mar;-R$ 277
CORPORATIVO J+;02.05.001;02.05;( - ) DESPESAS ADMINISTRATIVAS;ASSINATURAS E ANUIDADES;ASSINATURAS E ANUIDADES;Abr;-R$ 373
CORPORATIVO J+;02.05.001;02.05;( - ) DESPESAS ADMINISTRATIVAS;ASSINATURAS E ANUIDADES;ASSINATURAS E ANUIDADES;Mai;-R$ 634
CORPORATIVO J+;02.05.001;02.05;( - ) DESPESAS ADMINISTRATIVAS;ASSINATURAS E ANUIDADES;ASSINATURAS E ANUIDADES;Ago;-R$ 926
CORPORATIVO J+;02.05.001;02.05;( - ) DESPESAS ADMINISTRATIVAS;ASSINATURAS E ANUIDADES;ASSINATURAS E ANUIDADES;Dez;-R$ 1.144
CORPORATIVO J+;02.05.001;02.05;( - ) DESPESAS ADMINISTRATIVAS;ASSINATURAS E ANUIDADES;ASSINATURAS E ANUIDADES;Jun;-R$ 2.630
CORPORATIVO J+;02.05.001;02.05;( - ) DESPESAS ADMINISTRATIVAS;ASSINATURAS E ANUIDADES;ASSINATURAS E ANUIDADES;Jul;-R$ 3.398
CORPORATIVO J+;02.05.001;02.05;( - ) DESPESAS ADMINISTRATIVAS;ASSINATURAS E ANUIDADES;ASSINATURAS E ANUIDADES;Set;-R$ 5.895
CORPORATIVO J+;02.05.001;02.05;( - ) DESPESAS ADMINISTRATIVAS;ASSINATURAS E ANUIDADES;ASSINATURAS E ANUIDADES;Out;-R$ 7.117
CORPORATIVO J+;02.05.001;02.05;( - ) DESPESAS ADMINISTRATIVAS;ASSINATURAS E ANUIDADES;ASSINATURAS E ANUIDADES;Nov;-R$ 7.322
CORPORATIVO J+;02.05.002;02.05;( - ) DESPESAS ADMINISTRATIVAS;BENS DE PEQUENO VALOR;BENS DE PEQUENO VALOR;Fev;-R$ 179
CORPORATIVO J+;02.05.002;02.05;( - ) DESPESAS ADMINISTRATIVAS;BENS DE PEQUENO VALOR;BENS DE PEQUENO VALOR;Mar;-R$ 1.236
CORPORATIVO J+;02.05.003;02.05;( - ) DESPESAS ADMINISTRATIVAS;DESPESAS COM UBER/POP/INDRIVER;DESPESAS COM UBER/POP/INDRIVER;Mar;-R$ 71
CORPORATIVO J+;02.05.003;02.05;( - ) DESPESAS ADMINISTRATIVAS;DESPESAS COM UBER/POP/INDRIVER;DESPESAS COM UBER/POP/INDRIVER;Set;-R$ 145
CORPORATIVO J+;02.05.003;02.05;( - ) DESPESAS ADMINISTRATIVAS;DESPESAS COM UBER/POP/INDRIVER;DESPESAS COM UBER/POP/INDRIVER;Out;-R$ 1.761
CORPORATIVO J+;02.05.003;02.05;( - ) DESPESAS ADMINISTRATIVAS;DESPESAS COM UBER/POP/INDRIVER;DESPESAS COM UBER/POP/INDRIVER;Nov;-R$ 2.781
CORPORATIVO J+;02.05.003;02.05;( - ) DESPESAS ADMINISTRATIVAS;DESPESAS COM UBER/POP/INDRIVER;DESPESAS COM UBER/POP/INDRIVER;Ago;-R$ 3.051
CORPORATIVO J+;02.05.003;02.05;( - ) DESPESAS ADMINISTRATIVAS;DESPESAS COM UBER/POP/INDRIVER;DESPESAS COM UBER/POP/INDRIVER;Jan;-R$ 3.192
CORPORATIVO J+;02.05.003;02.05;( - ) DESPESAS ADMINISTRATIVAS;DESPESAS COM UBER/POP/INDRIVER;DESPESAS COM UBER/POP/INDRIVER;Jul;-R$ 3.501
CORPORATIVO J+;02.05.003;02.05;( - ) DESPESAS ADMINISTRATIVAS;DESPESAS COM UBER/POP/INDRIVER;DESPESAS COM UBER/POP/INDRIVER;Mai;-R$ 4.282
CORPORATIVO J+;02.05.003;02.05;( - ) DESPESAS ADMINISTRATIVAS;DESPESAS COM UBER/POP/INDRIVER;DESPESAS COM UBER/POP/INDRIVER;Jun;-R$ 4.293
CORPORATIVO J+;02.05.003;02.05;( - ) DESPESAS ADMINISTRATIVAS;DESPESAS COM UBER/POP/INDRIVER;DESPESAS COM UBER/POP/INDRIVER;Abr;-R$ 4.463
CORPORATIVO J+;02.05.003;02.05;( - ) DESPESAS ADMINISTRATIVAS;DESPESAS COM UBER/POP/INDRIVER;DESPESAS COM UBER/POP/INDRIVER;Dez;-R$ 4.901
CORPORATIVO J+;02.05.003;02.05;( - ) DESPESAS ADMINISTRATIVAS;DESPESAS COM UBER/POP/INDRIVER;DESPESAS COM UBER/POP/INDRIVER;Fev;-R$ 7.609
CORPORATIVO J+;02.05.004;02.05;( - ) DESPESAS ADMINISTRATIVAS;DESPESA POSTAL;DESPESA POSTAL;Nov;-R$ 2
CORPORATIVO J+;02.05.004;02.05;( - ) DESPESAS ADMINISTRATIVAS;DESPESA POSTAL;DESPESA POSTAL;Dez;-R$ 2
CORPORATIVO J+;02.05.004;02.05;( - ) DESPESAS ADMINISTRATIVAS;DESPESA POSTAL;DESPESA POSTAL;Out;-R$ 2
CORPORATIVO J+;02.05.004;02.05;( - ) DESPESAS ADMINISTRATIVAS;DESPESA POSTAL;DESPESA POSTAL;Ago;-R$ 39
CORPORATIVO J+;02.05.007;02.05;( - ) CUSTOS VARIÁVEIS;FROTA - COMBUSTIVEL / MANUTENÇÃO;FROTA - COMBUSTIVEL / MANUTENÇÃO;Abr;-R$ 783
CORPORATIVO J+;02.05.007;02.05;( - ) CUSTOS VARIÁVEIS;FROTA - COMBUSTIVEL / MANUTENÇÃO;FROTA - COMBUSTIVEL / MANUTENÇÃO;Ago;-R$ 1.141
CORPORATIVO J+;02.05.007;02.05;( - ) CUSTOS VARIÁVEIS;FROTA - COMBUSTIVEL / MANUTENÇÃO;FROTA - COMBUSTIVEL / MANUTENÇÃO;Dez;-R$ 1.206
CORPORATIVO J+;02.05.007;02.05;( - ) CUSTOS VARIÁVEIS;FROTA - COMBUSTIVEL / MANUTENÇÃO;FROTA - COMBUSTIVEL / MANUTENÇÃO;Jun;-R$ 1.612
CORPORATIVO J+;02.05.007;02.05;( - ) CUSTOS VARIÁVEIS;FROTA - COMBUSTIVEL / MANUTENÇÃO;FROTA - COMBUSTIVEL / MANUTENÇÃO;Jan;-R$ 2.213
CORPORATIVO J+;02.05.007;02.05;( - ) CUSTOS VARIÁVEIS;FROTA - COMBUSTIVEL / MANUTENÇÃO;FROTA - COMBUSTIVEL / MANUTENÇÃO;Mar;-R$ 2.246
CORPORATIVO J+;02.05.007;02.05;( - ) CUSTOS VARIÁVEIS;FROTA - COMBUSTIVEL / MANUTENÇÃO;FROTA - COMBUSTIVEL / MANUTENÇÃO;Fev;-R$ 2.320
CORPORATIVO J+;02.05.007;02.05;( - ) CUSTOS VARIÁVEIS;FROTA - COMBUSTIVEL / MANUTENÇÃO;FROTA - COMBUSTIVEL / MANUTENÇÃO;Set;-R$ 3.094
CORPORATIVO J+;02.05.007;02.05;( - ) CUSTOS VARIÁVEIS;FROTA - COMBUSTIVEL / MANUTENÇÃO;FROTA - COMBUSTIVEL / MANUTENÇÃO;Out;-R$ 3.267
CORPORATIVO J+;02.05.007;02.05;( - ) CUSTOS VARIÁVEIS;FROTA - COMBUSTIVEL / MANUTENÇÃO;FROTA - COMBUSTIVEL / MANUTENÇÃO;Nov;-R$ 4.290
CORPORATIVO J+;02.05.007;02.05;( - ) CUSTOS VARIÁVEIS;FROTA - COMBUSTIVEL / MANUTENÇÃO;FROTA - COMBUSTIVEL / MANUTENÇÃO;Mai;-R$ 40.773
CORPORATIVO J+;02.05.008;02.05;( = ) FLUXO DE CAIXA LIVRE PARA SÓCIOS;BENFEITORIAS;BENFEITORIAS;Mar;-R$ 90
CORPORATIVO J+;02.05.008;02.05;( = ) FLUXO DE CAIXA LIVRE PARA SÓCIOS;BENFEITORIAS;BENFEITORIAS;Fev;-R$ 185
CORPORATIVO J+;02.05.008;02.05;( = ) FLUXO DE CAIXA LIVRE PARA SÓCIOS;BENFEITORIAS;BENFEITORIAS;Dez;-R$ 1.031
CORPORATIVO J+;02.05.008;02.05;( = ) FLUXO DE CAIXA LIVRE PARA SÓCIOS;BENFEITORIAS;BENFEITORIAS;Jul;-R$ 1.419
CORPORATIVO J+;02.05.008;02.05;( = ) FLUXO DE CAIXA LIVRE PARA SÓCIOS;BENFEITORIAS;BENFEITORIAS;Nov;-R$ 1.902
CORPORATIVO J+;02.05.008;02.05;( = ) FLUXO DE CAIXA LIVRE PARA SÓCIOS;BENFEITORIAS;BENFEITORIAS;Out;-R$ 3.800
CORPORATIVO J+;02.05.008;02.05;( = ) FLUXO DE CAIXA LIVRE PARA SÓCIOS;BENFEITORIAS;BENFEITORIAS;Set;-R$ 5.442
CORPORATIVO J+;02.05.008;02.05;( = ) FLUXO DE CAIXA LIVRE PARA SÓCIOS;BENFEITORIAS;BENFEITORIAS;Jan;-R$ 16.382
CORPORATIVO J+;02.05.008;02.05;( = ) FLUXO DE CAIXA LIVRE PARA SÓCIOS;BENFEITORIAS;BENFEITORIAS;Mai;-R$ 16.739
CORPORATIVO J+;02.05.008;02.05;( = ) FLUXO DE CAIXA LIVRE PARA SÓCIOS;BENFEITORIAS;BENFEITORIAS;Ago;-R$ 24.295
CORPORATIVO J+;02.05.010;02.05;( - ) DEDUÇÕES SOBRE RECEITA;BRINDES E CORTESIAS;BRINDES E CORTESIAS;Ago;-R$ 188
CORPORATIVO J+;02.05.012;02.05;( - ) DESPESAS ADMINISTRATIVAS;EVENTOS;EVENTOS;Dez;-R$ 340
CORPORATIVO J+;02.05.012;02.05;( - ) DESPESAS ADMINISTRATIVAS;EVENTOS;EVENTOS;Jul;-R$ 13.500
CORPORATIVO J+;02.05.012;02.05;( - ) DESPESAS ADMINISTRATIVAS;EVENTOS;EVENTOS;Nov;-R$ 28.246
CORPORATIVO J+;02.05.016;02.05;( - ) DEDUÇÕES SOBRE RECEITA;CORTESIA - ANIVERSARIO;CORTESIA - ANIVERSARIO;Mai;-R$ 272
CORPORATIVO J+;02.06.007;02.06;( - ) IMPOSTOS SOBRE RECEITA;IR RETIDO NA FONTE;IR RETIDO NA FONTE;Jul;-R$ 1.901
CORPORATIVO J+;02.06.009;02.06;( - ) UTILIDADES E SERVIÇOS;TAXAS E REGISTROS;TAXAS E REGISTROS;Mar;-R$ 18
CORPORATIVO J+;02.06.009;02.06;( - ) UTILIDADES E SERVIÇOS;TAXAS E REGISTROS;TAXAS E REGISTROS;Mai;-R$ 129
CORPORATIVO J+;02.06.009;02.06;( - ) UTILIDADES E SERVIÇOS;TAXAS E REGISTROS;TAXAS E REGISTROS;Abr;-R$ 130
CORPORATIVO J+;02.06.009;02.06;( - ) UTILIDADES E SERVIÇOS;TAXAS E REGISTROS;TAXAS E REGISTROS;Jun;-R$ 271
CORPORATIVO J+;02.06.009;02.06;( - ) UTILIDADES E SERVIÇOS;TAXAS E REGISTROS;TAXAS E REGISTROS;Jul;-R$ 298
CORPORATIVO J+;02.06.009;02.06;( - ) UTILIDADES E SERVIÇOS;TAXAS E REGISTROS;TAXAS E REGISTROS;Ago;-R$ 443
CORPORATIVO J+;02.06.009;02.06;( - ) UTILIDADES E SERVIÇOS;TAXAS E REGISTROS;TAXAS E REGISTROS;Set;-R$ 1.419
CORPORATIVO J+;02.06.009;02.06;( - ) UTILIDADES E SERVIÇOS;TAXAS E REGISTROS;TAXAS E REGISTROS;Nov;-R$ 1.491
CORPORATIVO J+;02.06.009;02.06;( - ) UTILIDADES E SERVIÇOS;TAXAS E REGISTROS;TAXAS E REGISTROS;Out;-R$ 1.859
CORPORATIVO J+;02.06.010;02.06;( - ) UTILIDADES E SERVIÇOS;IPVA;IPVA;Abr;-R$ 608
CORPORATIVO J+;02.06.010;02.06;( - ) UTILIDADES E SERVIÇOS;IPVA;IPVA;Ago;-R$ 2.558
CORPORATIVO J+;02.06.011;02.06;( - ) UTILIDADES E SERVIÇOS;IPTU/ITU;IPTU/ITU;Out;-R$ 672
CORPORATIVO J+;02.06.011;02.06;( - ) UTILIDADES E SERVIÇOS;IPTU/ITU;IPTU/ITU;Dez;-R$ 672
CORPORATIVO J+;02.06.011;02.06;( - ) UTILIDADES E SERVIÇOS;IPTU/ITU;IPTU/ITU;Nov;-R$ 672
CORPORATIVO J+;02.06.011;02.06;( - ) UTILIDADES E SERVIÇOS;IPTU/ITU;IPTU/ITU;Ago;-R$ 672
CORPORATIVO J+;02.06.011;02.06;( - ) UTILIDADES E SERVIÇOS;IPTU/ITU;IPTU/ITU;Jul;-R$ 672
CORPORATIVO J+;02.06.011;02.06;( - ) UTILIDADES E SERVIÇOS;IPTU/ITU;IPTU/ITU;Set;-R$ 672
CORPORATIVO J+;02.07.002;02.07;( - ) MARKETING / VENDAS / RESERVAS;ASSESSORIAS EXTERNAS;ASSESSORIAS EXTERNAS;Dez;-R$ 3.000
CORPORATIVO J+;02.07.003;02.07;( - ) MARKETING / VENDAS / RESERVAS;COMUNICAÇÃO VISUAL E AUDIOVISUAL;COMUNICAÇÃO VISUAL E AUDIOVISUAL;Mai;-R$ 50
CORPORATIVO J+;02.07.003;02.07;( - ) MARKETING / VENDAS / RESERVAS;COMUNICAÇÃO VISUAL E AUDIOVISUAL;COMUNICAÇÃO VISUAL E AUDIOVISUAL;Nov;-R$ 80
CORPORATIVO J+;02.07.003;02.07;( - ) MARKETING / VENDAS / RESERVAS;COMUNICAÇÃO VISUAL E AUDIOVISUAL;COMUNICAÇÃO VISUAL E AUDIOVISUAL;Dez;-R$ 80
CORPORATIVO J+;02.07.003;02.07;( - ) MARKETING / VENDAS / RESERVAS;COMUNICAÇÃO VISUAL E AUDIOVISUAL;COMUNICAÇÃO VISUAL E AUDIOVISUAL;Jul;-R$ 80
CORPORATIVO J+;02.07.003;02.07;( - ) MARKETING / VENDAS / RESERVAS;COMUNICAÇÃO VISUAL E AUDIOVISUAL;COMUNICAÇÃO VISUAL E AUDIOVISUAL;Mar;-R$ 132
CORPORATIVO J+;02.07.003;02.07;( - ) MARKETING / VENDAS / RESERVAS;COMUNICAÇÃO VISUAL E AUDIOVISUAL;COMUNICAÇÃO VISUAL E AUDIOVISUAL;Ago;-R$ 199
CORPORATIVO J+;02.07.003;02.07;( - ) MARKETING / VENDAS / RESERVAS;COMUNICAÇÃO VISUAL E AUDIOVISUAL;COMUNICAÇÃO VISUAL E AUDIOVISUAL;Set;-R$ 275
CORPORATIVO J+;02.07.003;02.07;( - ) MARKETING / VENDAS / RESERVAS;COMUNICAÇÃO VISUAL E AUDIOVISUAL;COMUNICAÇÃO VISUAL E AUDIOVISUAL;Abr;-R$ 419
CORPORATIVO J+;02.07.003;02.07;( - ) MARKETING / VENDAS / RESERVAS;COMUNICAÇÃO VISUAL E AUDIOVISUAL;COMUNICAÇÃO VISUAL E AUDIOVISUAL;Out;-R$ 660
CORPORATIVO J+;02.07.003;02.07;( - ) MARKETING / VENDAS / RESERVAS;COMUNICAÇÃO VISUAL E AUDIOVISUAL;COMUNICAÇÃO VISUAL E AUDIOVISUAL;Jan;-R$ 700
CORPORATIVO J+;02.07.004;02.07;( - ) MARKETING / VENDAS / RESERVAS;ENDOMARKETING;ENDOMARKETING;Abr;-R$ 320
CORPORATIVO J+;02.07.004;02.07;( - ) MARKETING / VENDAS / RESERVAS;ENDOMARKETING;ENDOMARKETING;Ago;-R$ 365
CORPORATIVO J+;02.07.004;02.07;( - ) MARKETING / VENDAS / RESERVAS;ENDOMARKETING;ENDOMARKETING;Nov;-R$ 479
CORPORATIVO J+;02.07.004;02.07;( - ) MARKETING / VENDAS / RESERVAS;ENDOMARKETING;ENDOMARKETING;Set;-R$ 652
CORPORATIVO J+;02.07.004;02.07;( - ) MARKETING / VENDAS / RESERVAS;ENDOMARKETING;ENDOMARKETING;Mai;-R$ 718
CORPORATIVO J+;02.07.004;02.07;( - ) MARKETING / VENDAS / RESERVAS;ENDOMARKETING;ENDOMARKETING;Out;-R$ 863
CORPORATIVO J+;02.07.004;02.07;( - ) MARKETING / VENDAS / RESERVAS;ENDOMARKETING;ENDOMARKETING;Jan;-R$ 1.316
CORPORATIVO J+;02.07.004;02.07;( - ) MARKETING / VENDAS / RESERVAS;ENDOMARKETING;ENDOMARKETING;Fev;-R$ 1.471
CORPORATIVO J+;02.07.004;02.07;( - ) MARKETING / VENDAS / RESERVAS;ENDOMARKETING;ENDOMARKETING;Dez;-R$ 1.792
CORPORATIVO J+;02.07.004;02.07;( - ) MARKETING / VENDAS / RESERVAS;ENDOMARKETING;ENDOMARKETING;Jun;-R$ 2.931
CORPORATIVO J+;02.07.004;02.07;( - ) MARKETING / VENDAS / RESERVAS;ENDOMARKETING;ENDOMARKETING;Jul;-R$ 2.962
CORPORATIVO J+;02.07.004;02.07;( - ) MARKETING / VENDAS / RESERVAS;ENDOMARKETING;ENDOMARKETING;Mar;-R$ 3.872
CORPORATIVO J+;02.07.005;02.07;( - ) MARKETING / VENDAS / RESERVAS;FEIRAS E EVENTOS;FEIRAS E EVENTOS;Out;-R$ 18
CORPORATIVO J+;02.07.005;02.07;( - ) MARKETING / VENDAS / RESERVAS;FEIRAS E EVENTOS;FEIRAS E EVENTOS;Jun;-R$ 100
CORPORATIVO J+;02.07.005;02.07;( - ) MARKETING / VENDAS / RESERVAS;FEIRAS E EVENTOS;FEIRAS E EVENTOS;Ago;-R$ 63.163
CORPORATIVO J+;02.07.006;02.07;( - ) CUSTOS VARIÁVEIS;IMPRESSOS E SERVIÇOS GRAFICOS;IMPRESSOS E SERVIÇOS GRAFICOS;Mai;-R$ 282
CORPORATIVO J+;02.07.006;02.07;( - ) CUSTOS VARIÁVEIS;IMPRESSOS E SERVIÇOS GRAFICOS;IMPRESSOS E SERVIÇOS GRAFICOS;Nov;-R$ 755
CORPORATIVO J+;02.07.006;02.07;( - ) CUSTOS VARIÁVEIS;IMPRESSOS E SERVIÇOS GRAFICOS;IMPRESSOS E SERVIÇOS GRAFICOS;Jan;-R$ 1.234
CORPORATIVO J+;02.07.008;02.07;( - ) MARKETING / VENDAS / RESERVAS;MIDIAS;MIDIAS;Mai;-R$ 55
CORPORATIVO J+;02.07.008;02.07;( - ) MARKETING / VENDAS / RESERVAS;MIDIAS;MIDIAS;Fev;-R$ 1.879
CORPORATIVO J+;02.07.008;02.07;( - ) MARKETING / VENDAS / RESERVAS;MIDIAS;MIDIAS;Dez;-R$ 2.055
CORPORATIVO J+;02.07.008;02.07;( - ) MARKETING / VENDAS / RESERVAS;MIDIAS;MIDIAS;Nov;-R$ 7.730
CORPORATIVO J+;02.07.011;02.07;( - ) MARKETING / VENDAS / RESERVAS;DOAÇÕES;DOAÇÕES;Abr;-R$ 750
CORPORATIVO J+;02.07.011;02.07;( - ) MARKETING / VENDAS / RESERVAS;DOAÇÕES;DOAÇÕES;Nov;-R$ 800
CORPORATIVO J+;02.07.011;02.07;( - ) MARKETING / VENDAS / RESERVAS;DOAÇÕES;DOAÇÕES;Out;-R$ 800
CORPORATIVO J+;02.07.011;02.07;( - ) MARKETING / VENDAS / RESERVAS;DOAÇÕES;DOAÇÕES;Ago;-R$ 800
CORPORATIVO J+;02.07.011;02.07;( - ) MARKETING / VENDAS / RESERVAS;DOAÇÕES;DOAÇÕES;Dez;-R$ 800
CORPORATIVO J+;02.07.011;02.07;( - ) MARKETING / VENDAS / RESERVAS;DOAÇÕES;DOAÇÕES;Set;-R$ 800
CORPORATIVO J+;02.07.012;02.07;( - ) MARKETING / VENDAS / RESERVAS;FUNDO DE PROMOÇÃO;FUNDO DE PROMOÇÃO;Mar;-R$ 26
CORPORATIVO J+;02.09.001;02.09;(/) RATEIOS COMPORATIVO;EMPRÉSTIMOS BANCOS;EMPRÉSTIMOS BANCOS;Mai;-R$ 26.536
CORPORATIVO J+;02.09.001;02.09;(/) RATEIOS COMPORATIVO;EMPRÉSTIMOS BANCOS;EMPRÉSTIMOS BANCOS;Set;-R$ 43.178
CORPORATIVO J+;02.09.001;02.09;(/) RATEIOS COMPORATIVO;EMPRÉSTIMOS BANCOS;EMPRÉSTIMOS BANCOS;Dez;-R$ 44.086
CORPORATIVO J+;02.09.001;02.09;(/) RATEIOS COMPORATIVO;EMPRÉSTIMOS BANCOS;EMPRÉSTIMOS BANCOS;Out;-R$ 55.762
CORPORATIVO J+;02.09.001;02.09;(/) RATEIOS COMPORATIVO;EMPRÉSTIMOS BANCOS;EMPRÉSTIMOS BANCOS;Abr;-R$ 91.664
CORPORATIVO J+;02.09.001;02.09;(/) RATEIOS COMPORATIVO;EMPRÉSTIMOS BANCOS;EMPRÉSTIMOS BANCOS;Fev;-R$ 96.618
CORPORATIVO J+;02.09.001;02.09;(/) RATEIOS COMPORATIVO;EMPRÉSTIMOS BANCOS;EMPRÉSTIMOS BANCOS;Mar;-R$ 131.385
CORPORATIVO J+;02.09.001;02.09;(/) RATEIOS COMPORATIVO;EMPRÉSTIMOS BANCOS;EMPRÉSTIMOS BANCOS;Jun;-R$ 154.189
CORPORATIVO J+;02.09.001;02.09;(/) RATEIOS COMPORATIVO;EMPRÉSTIMOS BANCOS;EMPRÉSTIMOS BANCOS;Nov;-R$ 181.191
CORPORATIVO J+;02.09.001;02.09;(/) RATEIOS COMPORATIVO;EMPRÉSTIMOS BANCOS;EMPRÉSTIMOS BANCOS;Jul;-R$ 218.925
CORPORATIVO J+;02.09.001;02.09;(/) RATEIOS COMPORATIVO;EMPRÉSTIMOS BANCOS;EMPRÉSTIMOS BANCOS;Ago;-R$ 227.534
CORPORATIVO J+;02.09.005;02.09;(/) RATEIOS COMPORATIVO;COMBUSTIVEL CORPORATIVO;COMBUSTIVEL CORPORATIVO;Fev;-R$ 400
CORPORATIVO J+;02.09.005;02.09;(/) RATEIOS COMPORATIVO;COMBUSTIVEL CORPORATIVO;COMBUSTIVEL CORPORATIVO;Mar;-R$ 676
CORPORATIVO J+;02.09.005;02.09;(/) RATEIOS COMPORATIVO;COMBUSTIVEL CORPORATIVO;COMBUSTIVEL CORPORATIVO;Mai;-R$ 1.345
CORPORATIVO J+;02.09.005;02.09;(/) RATEIOS COMPORATIVO;COMBUSTIVEL CORPORATIVO;COMBUSTIVEL CORPORATIVO;Jul;-R$ 1.527
CORPORATIVO J+;02.09.005;02.09;(/) RATEIOS COMPORATIVO;COMBUSTIVEL CORPORATIVO;COMBUSTIVEL CORPORATIVO;Dez;-R$ 1.559
CORPORATIVO J+;02.09.005;02.09;(/) RATEIOS COMPORATIVO;COMBUSTIVEL CORPORATIVO;COMBUSTIVEL CORPORATIVO;Set;-R$ 2.384
CORPORATIVO J+;02.09.005;02.09;(/) RATEIOS COMPORATIVO;COMBUSTIVEL CORPORATIVO;COMBUSTIVEL CORPORATIVO;Jun;-R$ 2.691
CORPORATIVO J+;02.09.005;02.09;(/) RATEIOS COMPORATIVO;COMBUSTIVEL CORPORATIVO;COMBUSTIVEL CORPORATIVO;Out;-R$ 2.698
CORPORATIVO J+;02.09.005;02.09;(/) RATEIOS COMPORATIVO;COMBUSTIVEL CORPORATIVO;COMBUSTIVEL CORPORATIVO;Ago;-R$ 3.225
CORPORATIVO J+;02.09.005;02.09;(/) RATEIOS COMPORATIVO;COMBUSTIVEL CORPORATIVO;COMBUSTIVEL CORPORATIVO;Nov;-R$ 3.447
CORPORATIVO J+;02.09.008;02.09;(/) RATEIOS COMPORATIVO;PRO-LABORE;PRO-LABORE;Jan;-R$ 65.861
CORPORATIVO J+;02.09.008;02.09;(/) RATEIOS COMPORATIVO;PRO-LABORE;PRO-LABORE;Mai;-R$ 82.365
CORPORATIVO J+;02.09.008;02.09;(/) RATEIOS COMPORATIVO;PRO-LABORE;PRO-LABORE;Jun;-R$ 110.453
CORPORATIVO J+;02.09.008;02.09;(/) RATEIOS COMPORATIVO;PRO-LABORE;PRO-LABORE;Fev;-R$ 130.449
CORPORATIVO J+;02.09.008;02.09;(/) RATEIOS COMPORATIVO;PRO-LABORE;PRO-LABORE;Mar;-R$ 287.903
CORPORATIVO J+;02.09.008;02.09;(/) RATEIOS COMPORATIVO;PRO-LABORE;PRO-LABORE;Ago;-R$ 297.993
CORPORATIVO J+;02.09.008;02.09;(/) RATEIOS COMPORATIVO;PRO-LABORE;PRO-LABORE;Set;-R$ 378.335
CORPORATIVO J+;02.09.008;02.09;(/) RATEIOS COMPORATIVO;PRO-LABORE;PRO-LABORE;Dez;-R$ 423.760
CORPORATIVO J+;02.09.008;02.09;(/) RATEIOS COMPORATIVO;PRO-LABORE;PRO-LABORE;Abr;-R$ 692.821
CORPORATIVO J+;02.09.008;02.09;(/) RATEIOS COMPORATIVO;PRO-LABORE;PRO-LABORE;Nov;-R$ 866.983
CORPORATIVO J+;02.09.008;02.09;(/) RATEIOS COMPORATIVO;PRO-LABORE;PRO-LABORE;Out;-R$ 949.054
CORPORATIVO J+;02.09.008;02.09;(/) RATEIOS COMPORATIVO;PRO-LABORE;PRO-LABORE;Jul;-R$ 968.133
CORPORATIVO J+;02.09.011;02.09;(/) RATEIOS COMPORATIVO;CONSULTORIA RH - TREINAMENTOS;CONSULTORIA RH - TREINAMENTOS;Fev;-R$ 3.500
CORPORATIVO J+;02.10.001;02.10;( - ) UTILIDADES E SERVIÇOS;MANUTENÇÃO CORRETIVA;MANUTENÇÃO CORRETIVA;Mai;-R$ 68
CORPORATIVO J+;02.10.001;02.10;( - ) UTILIDADES E SERVIÇOS;MANUTENÇÃO CORRETIVA;MANUTENÇÃO CORRETIVA;Jul;-R$ 403
CORPORATIVO J+;02.10.001;02.10;( - ) UTILIDADES E SERVIÇOS;MANUTENÇÃO CORRETIVA;MANUTENÇÃO CORRETIVA;Mar;-R$ 417
CORPORATIVO J+;02.10.001;02.10;( - ) UTILIDADES E SERVIÇOS;MANUTENÇÃO CORRETIVA;MANUTENÇÃO CORRETIVA;Ago;-R$ 873
CORPORATIVO J+;02.10.001;02.10;( - ) UTILIDADES E SERVIÇOS;MANUTENÇÃO CORRETIVA;MANUTENÇÃO CORRETIVA;Out;-R$ 1.439
CORPORATIVO J+;02.10.001;02.10;( - ) UTILIDADES E SERVIÇOS;MANUTENÇÃO CORRETIVA;MANUTENÇÃO CORRETIVA;Set;-R$ 1.828
CORPORATIVO J+;02.10.001;02.10;( - ) UTILIDADES E SERVIÇOS;MANUTENÇÃO CORRETIVA;MANUTENÇÃO CORRETIVA;Abr;-R$ 1.874
CORPORATIVO J+;02.10.001;02.10;( - ) UTILIDADES E SERVIÇOS;MANUTENÇÃO CORRETIVA;MANUTENÇÃO CORRETIVA;Jun;-R$ 5.353
CORPORATIVO J+;02.10.002;02.10;( - ) UTILIDADES E SERVIÇOS;MANUTENÇÃO PREVENTIVA;MANUTENÇÃO PREVENTIVA;Set;-R$ 194
CORPORATIVO J+;02.10.002;02.10;( - ) UTILIDADES E SERVIÇOS;MANUTENÇÃO PREVENTIVA;MANUTENÇÃO PREVENTIVA;Dez;-R$ 300
CORPORATIVO J+;02.10.002;02.10;( - ) UTILIDADES E SERVIÇOS;MANUTENÇÃO PREVENTIVA;MANUTENÇÃO PREVENTIVA;Jan;-R$ 300
CORPORATIVO J+;02.10.003;02.10;( - ) SERVIÇOS DE TERCEIROS;PRESTAÇÃO DE SERVIÇO;PRESTAÇÃO DE SERVIÇO;Jul;-R$ 590
CORPORATIVO J+;02.10.003;02.10;( - ) SERVIÇOS DE TERCEIROS;PRESTAÇÃO DE SERVIÇO;PRESTAÇÃO DE SERVIÇO;Jan;-R$ 1.330
CORPORATIVO J+;02.10.003;02.10;( - ) SERVIÇOS DE TERCEIROS;PRESTAÇÃO DE SERVIÇO;PRESTAÇÃO DE SERVIÇO;Ago;-R$ 1.735
CORPORATIVO J+;02.10.003;02.10;( - ) SERVIÇOS DE TERCEIROS;PRESTAÇÃO DE SERVIÇO;PRESTAÇÃO DE SERVIÇO;Set;-R$ 2.111
CORPORATIVO J+;03.02.004;03.02;( - ) SERVIÇOS DE TERCEIROS;DESPESAS LOCACAO MAQUINAS POS;DESPESAS LOCACAO MAQUINAS POS;Mai;-R$ 3.000
CORPORATIVO J+;03.02.005;03.02;( - ) DESPESAS FINANCEIRAS;TAXAS BANCARIAS;TAXAS BANCARIAS;Abr;-R$ 21
CORPORATIVO J+;03.02.005;03.02;( - ) DESPESAS FINANCEIRAS;TAXAS BANCARIAS;TAXAS BANCARIAS;Ago;-R$ 21
CORPORATIVO J+;03.02.005;03.02;( - ) DESPESAS FINANCEIRAS;TAXAS BANCARIAS;TAXAS BANCARIAS;Set;-R$ 50
CORPORATIVO J+;03.02.005;03.02;( - ) DESPESAS FINANCEIRAS;TAXAS BANCARIAS;TAXAS BANCARIAS;Fev;-R$ 63
CORPORATIVO J+;03.02.005;03.02;( - ) DESPESAS FINANCEIRAS;TAXAS BANCARIAS;TAXAS BANCARIAS;Out;-R$ 194
CORPORATIVO J+;03.02.005;03.02;( - ) DESPESAS FINANCEIRAS;TAXAS BANCARIAS;TAXAS BANCARIAS;Jul;-R$ 282
CORPORATIVO J+;03.02.005;03.02;( - ) DESPESAS FINANCEIRAS;TAXAS BANCARIAS;TAXAS BANCARIAS;Mai;-R$ 289
CORPORATIVO J+;03.02.005;03.02;( - ) DESPESAS FINANCEIRAS;TAXAS BANCARIAS;TAXAS BANCARIAS;Jun;-R$ 712
CORPORATIVO J+;03.02.005;03.02;( - ) DESPESAS FINANCEIRAS;TAXAS BANCARIAS;TAXAS BANCARIAS;Nov;-R$ 1.568
CORPORATIVO J+;03.02.005;03.02;( - ) DESPESAS FINANCEIRAS;TAXAS BANCARIAS;TAXAS BANCARIAS;Dez;-R$ 2.673
CORPORATIVO J+;03.02.007;03.02;( - ) DESPESAS FINANCEIRAS;TX SOBRE ANTECIPACAO RECEBIVEIS (CARTOES;TX SOBRE ANTECIPACAO RECEBIVEIS (CARTOES;Nov;-R$ 5.693
CORPORATIVO J+;03.02.009;03.02;( - ) DESPESAS FINANCEIRAS;JUROS/MULTAS;JUROS/MULTAS;Ago;-R$ 111
CORPORATIVO J+;03.02.009;03.02;( - ) DESPESAS FINANCEIRAS;JUROS/MULTAS;JUROS/MULTAS;Dez;-R$ 534
CORPORATIVO J+;03.02.009;03.02;( - ) DESPESAS FINANCEIRAS;JUROS/MULTAS;JUROS/MULTAS;Nov;-R$ 590
CORPORATIVO J+;03.02.009;03.02;( - ) DESPESAS FINANCEIRAS;JUROS/MULTAS;JUROS/MULTAS;Jul;-R$ 971
CORPORATIVO J+;03.02.009;03.02;( - ) DESPESAS FINANCEIRAS;JUROS/MULTAS;JUROS/MULTAS;Out;-R$ 4.358
CORPORATIVO J+;03.02.009;03.02;( - ) DESPESAS FINANCEIRAS;JUROS/MULTAS;JUROS/MULTAS;Set;-R$ 7.357
CORPORATIVO J+;04.01.002;04.01;(+) OUTRAS RECEITAS OPERACIONAIS;APORTE DE CAPITAL;APORTE DE CAPITAL;Out;R$ 1.530.592
CORPORATIVO J+;04.01.002;04.01;(+) OUTRAS RECEITAS OPERACIONAIS;APORTE DE CAPITAL;APORTE DE CAPITAL;Nov;R$ 1.140.632
CORPORATIVO J+;04.01.004;04.01;(+) OUTRAS RECEITAS OPERACIONAIS;REVENDA DE OLEO / FLIPERAMA / ESTORNO;REVENDA DE OLEO / FLIPERAMA / ESTORNO;Out;R$ 1.500
CORPORATIVO J+;04.01.004;04.01;(+) OUTRAS RECEITAS OPERACIONAIS;REVENDA DE OLEO / FLIPERAMA / ESTORNO;REVENDA DE OLEO / FLIPERAMA / ESTORNO;Ago;R$ 6
CORPORATIVO J+;04.01.007;04.01;(+) OUTRAS RECEITAS OPERACIONAIS;ENTRADA DE EMPRÉSTIMO TERCEIROS;ENTRADA DE EMPRÉSTIMO TERCEIROS;Jun;R$ 2.839.395
CORPORATIVO J+;04.01.007;04.01;(+) OUTRAS RECEITAS OPERACIONAIS;ENTRADA DE EMPRÉSTIMO TERCEIROS;ENTRADA DE EMPRÉSTIMO TERCEIROS;Out;R$ 2.744
CORPORATIVO J+;05.01;05;( = ) FLUXO DE CAIXA LIVRE PARA SÓCIOS;MAQUINAS E EQUIPAMENTOS OPERACAO;MAQUINAS E EQUIPAMENTOS OPERACAO;Mai;-R$ 553
CORPORATIVO J+;05.01;05;( = ) FLUXO DE CAIXA LIVRE PARA SÓCIOS;MAQUINAS E EQUIPAMENTOS OPERACAO;MAQUINAS E EQUIPAMENTOS OPERACAO;Nov;-R$ 709
CORPORATIVO J+;05.01;05;( = ) FLUXO DE CAIXA LIVRE PARA SÓCIOS;MAQUINAS E EQUIPAMENTOS OPERACAO;MAQUINAS E EQUIPAMENTOS OPERACAO;Ago;-R$ 847
CORPORATIVO J+;05.01;05;( = ) FLUXO DE CAIXA LIVRE PARA SÓCIOS;MAQUINAS E EQUIPAMENTOS OPERACAO;MAQUINAS E EQUIPAMENTOS OPERACAO;Abr;-R$ 1.293
CORPORATIVO J+;05.01;05;( = ) FLUXO DE CAIXA LIVRE PARA SÓCIOS;MAQUINAS E EQUIPAMENTOS OPERACAO;MAQUINAS E EQUIPAMENTOS OPERACAO;Jun;-R$ 1.400
CORPORATIVO J+;05.01;05;( = ) FLUXO DE CAIXA LIVRE PARA SÓCIOS;MAQUINAS E EQUIPAMENTOS OPERACAO;MAQUINAS E EQUIPAMENTOS OPERACAO;Dez;-R$ 3.000
CORPORATIVO J+;05.01;05;( = ) FLUXO DE CAIXA LIVRE PARA SÓCIOS;MAQUINAS E EQUIPAMENTOS OPERACAO;MAQUINAS E EQUIPAMENTOS OPERACAO;Set;-R$ 3.919
CORPORATIVO J+;05.02;05;( = ) FLUXO DE CAIXA LIVRE PARA SÓCIOS;COMPUTADORES, PERIFERICOS E SOFTWARES;COMPUTADORES, PERIFERICOS E SOFTWARES;Mai;-R$ 633
CORPORATIVO J+;05.02;05;( = ) FLUXO DE CAIXA LIVRE PARA SÓCIOS;COMPUTADORES, PERIFERICOS E SOFTWARES;COMPUTADORES, PERIFERICOS E SOFTWARES;Fev;-R$ 680
CORPORATIVO J+;05.02;05;( = ) FLUXO DE CAIXA LIVRE PARA SÓCIOS;COMPUTADORES, PERIFERICOS E SOFTWARES;COMPUTADORES, PERIFERICOS E SOFTWARES;Mar;-R$ 1.054
CORPORATIVO J+;05.02;05;( = ) FLUXO DE CAIXA LIVRE PARA SÓCIOS;COMPUTADORES, PERIFERICOS E SOFTWARES;COMPUTADORES, PERIFERICOS E SOFTWARES;Jun;-R$ 1.075
CORPORATIVO J+;05.02;05;( = ) FLUXO DE CAIXA LIVRE PARA SÓCIOS;COMPUTADORES, PERIFERICOS E SOFTWARES;COMPUTADORES, PERIFERICOS E SOFTWARES;Out;-R$ 2.130
CORPORATIVO J+;05.02;05;( = ) FLUXO DE CAIXA LIVRE PARA SÓCIOS;COMPUTADORES, PERIFERICOS E SOFTWARES;COMPUTADORES, PERIFERICOS E SOFTWARES;Ago;-R$ 6.306
CORPORATIVO J+;05.02;05;( = ) FLUXO DE CAIXA LIVRE PARA SÓCIOS;COMPUTADORES, PERIFERICOS E SOFTWARES;COMPUTADORES, PERIFERICOS E SOFTWARES;Abr;-R$ 6.312
CORPORATIVO J+;05.02;05;( = ) FLUXO DE CAIXA LIVRE PARA SÓCIOS;COMPUTADORES, PERIFERICOS E SOFTWARES;COMPUTADORES, PERIFERICOS E SOFTWARES;Jan;-R$ 7.573
CORPORATIVO J+;05.02;05;( = ) FLUXO DE CAIXA LIVRE PARA SÓCIOS;COMPUTADORES, PERIFERICOS E SOFTWARES;COMPUTADORES, PERIFERICOS E SOFTWARES;Set;-R$ 21.509
CORPORATIVO J+;05.03;05;( = ) FLUXO DE CAIXA LIVRE PARA SÓCIOS;MOVEIS E UTENSÍLIOS;MOVEIS E UTENSÍLIOS;Jan;-R$ 600
CORPORATIVO J+;05.03;05;( = ) FLUXO DE CAIXA LIVRE PARA SÓCIOS;MOVEIS E UTENSÍLIOS;MOVEIS E UTENSÍLIOS;Out;-R$ 5.280
CORPORATIVO J+;05.03;05;( = ) FLUXO DE CAIXA LIVRE PARA SÓCIOS;MOVEIS E UTENSÍLIOS;MOVEIS E UTENSÍLIOS;Jun;-R$ 9.072
CORPORATIVO J+;05.03;05;( = ) FLUXO DE CAIXA LIVRE PARA SÓCIOS;MOVEIS E UTENSÍLIOS;MOVEIS E UTENSÍLIOS;Set;-R$ 10.855
CORPORATIVO J+;05.03;05;( = ) FLUXO DE CAIXA LIVRE PARA SÓCIOS;MOVEIS E UTENSÍLIOS;MOVEIS E UTENSÍLIOS;Ago;-R$ 12.798
CORPORATIVO J+;05.05;05;( = ) FLUXO DE CAIXA LIVRE PARA SÓCIOS;EDIFICAÇOES E INSTALAÇOES;EDIFICAÇOES E INSTALAÇOES;Jun;-R$ 129
CORPORATIVO J+;05.06;05;( = ) FLUXO DE CAIXA LIVRE PARA SÓCIOS;VEÍCULOS;VEÍCULOS;Set;-R$ 1.858
CORPORATIVO J+;05.06;05;( = ) FLUXO DE CAIXA LIVRE PARA SÓCIOS;VEÍCULOS;VEÍCULOS;Dez;-R$ 4.039
CORPORATIVO J+;05.06;05;( = ) FLUXO DE CAIXA LIVRE PARA SÓCIOS;VEÍCULOS;VEÍCULOS;Nov;-R$ 4.039
CORPORATIVO J+;05.06;05;( = ) FLUXO DE CAIXA LIVRE PARA SÓCIOS;VEÍCULOS;VEÍCULOS;Out;-R$ 4.129
CORPORATIVO J+;05.06;05;( = ) FLUXO DE CAIXA LIVRE PARA SÓCIOS;VEÍCULOS;VEÍCULOS;Ago;-R$ 5.600
CORPORATIVO J+;05.06;05;( = ) FLUXO DE CAIXA LIVRE PARA SÓCIOS;VEÍCULOS;VEÍCULOS;Abr;-R$ 6.670
CORPORATIVO J+;05.06;05;( = ) FLUXO DE CAIXA LIVRE PARA SÓCIOS;VEÍCULOS;VEÍCULOS;Jan;-R$ 8.799
CORPORATIVO J+;05.06;05;( = ) FLUXO DE CAIXA LIVRE PARA SÓCIOS;VEÍCULOS;VEÍCULOS;Mai;-R$ 16.327
CORPORATIVO J+;05.06;05;( = ) FLUXO DE CAIXA LIVRE PARA SÓCIOS;VEÍCULOS;VEÍCULOS;Jun;-R$ 22.518
CORPORATIVO J+;05.07;05;( = ) FLUXO DE CAIXA LIVRE PARA SÓCIOS;AQUISIÇÕES E INCORPORAÇÕES;AQUISIÇÕES E INCORPORAÇÕES;Out;-R$ 2.188
CORPORATIVO J+;05.07;05;( = ) FLUXO DE CAIXA LIVRE PARA SÓCIOS;AQUISIÇÕES E INCORPORAÇÕES;AQUISIÇÕES E INCORPORAÇÕES;Jan;-R$ 20.781
CORPORATIVO J+;06.01.001;06.01;( = ) FLUXO DE CAIXA LIVRE PARA SÓCIOS;EMPRESTIMOS;EMPRESTIMOS;Set;-R$ 7.454
CORPORATIVO J+;06.01.001;06.01;( = ) FLUXO DE CAIXA LIVRE PARA SÓCIOS;EMPRESTIMOS;EMPRESTIMOS;Out;-R$ 7.580
CORPORATIVO J+;06.01.001;06.01;( = ) FLUXO DE CAIXA LIVRE PARA SÓCIOS;EMPRESTIMOS;EMPRESTIMOS;Jul;-R$ 10.496
CORPORATIVO J+;06.01.001;06.01;( = ) FLUXO DE CAIXA LIVRE PARA SÓCIOS;EMPRESTIMOS;EMPRESTIMOS;Jan;-R$ 17.376
CORPORATIVO J+;06.01.001;06.01;( = ) FLUXO DE CAIXA LIVRE PARA SÓCIOS;EMPRESTIMOS;EMPRESTIMOS;Abr;-R$ 17.926
CORPORATIVO J+;06.01.001;06.01;( = ) FLUXO DE CAIXA LIVRE PARA SÓCIOS;EMPRESTIMOS;EMPRESTIMOS;Dez;-R$ 19.026
CORPORATIVO J+;06.01.001;06.01;( = ) FLUXO DE CAIXA LIVRE PARA SÓCIOS;EMPRESTIMOS;EMPRESTIMOS;Nov;-R$ 20.880
CORPORATIVO J+;06.01.001;06.01;( = ) FLUXO DE CAIXA LIVRE PARA SÓCIOS;EMPRESTIMOS;EMPRESTIMOS;Mar;-R$ 24.426
CORPORATIVO J+;06.01.001;06.01;( = ) FLUXO DE CAIXA LIVRE PARA SÓCIOS;EMPRESTIMOS;EMPRESTIMOS;Ago;-R$ 36.606
CORPORATIVO J+;06.01.001;06.01;( = ) FLUXO DE CAIXA LIVRE PARA SÓCIOS;EMPRESTIMOS;EMPRESTIMOS;Mai;-R$ 46.076
CORPORATIVO J+;06.01.001;06.01;( = ) FLUXO DE CAIXA LIVRE PARA SÓCIOS;EMPRESTIMOS;EMPRESTIMOS;Fev;-R$ 46.201
CORPORATIVO J+;06.01.001;06.01;( = ) FLUXO DE CAIXA LIVRE PARA SÓCIOS;EMPRESTIMOS;EMPRESTIMOS;Jun;-R$ 82.086
CORPORATIVO J+;06.05.001;06.05;( = ) FLUXO DE CAIXA LIVRE PARA SÓCIOS;TITULO EXTRAJUDICIAL;TITULO EXTRAJUDICIAL;Nov;-R$ 5.000
CORPORATIVO J+;06.05.001;06.05;( = ) FLUXO DE CAIXA LIVRE PARA SÓCIOS;TITULO EXTRAJUDICIAL;TITULO EXTRAJUDICIAL;Jul;-R$ 5.000
CORPORATIVO J+;06.05.001;06.05;( = ) FLUXO DE CAIXA LIVRE PARA SÓCIOS;TITULO EXTRAJUDICIAL;TITULO EXTRAJUDICIAL;Dez;-R$ 5.000
CORPORATIVO J+;06.05.001;06.05;( = ) FLUXO DE CAIXA LIVRE PARA SÓCIOS;TITULO EXTRAJUDICIAL;TITULO EXTRAJUDICIAL;Ago;-R$ 5.000
CORPORATIVO J+;06.05.001;06.05;( = ) FLUXO DE CAIXA LIVRE PARA SÓCIOS;TITULO EXTRAJUDICIAL;TITULO EXTRAJUDICIAL;Set;-R$ 5.000
CORPORATIVO J+;06.05.001;06.05;( = ) FLUXO DE CAIXA LIVRE PARA SÓCIOS;TITULO EXTRAJUDICIAL;TITULO EXTRAJUDICIAL;Out;-R$ 7.853
