Narrativa_IA;Mês;Nome Grupo;cc_nome;Realizado
Em Ago, o grupo 'RECEITAS S/ VENDAS' registrou R$ 63.713 referente a 'DINHEIRO'.;Ago;RECEITAS S/ VENDAS;DINHEIRO;R$ 63.713
Em Ago, o grupo 'RECEITAS S/ VENDAS' registrou R$ 19.348 referente a 'IFOOD'.;Ago;RECEITAS S/ VENDAS;IFOOD;R$ 19.348
Em Out, o grupo 'RECEITAS S/ VENDAS' registrou R$ 5 referente a 'IFOOD'.;Out;RECEITAS S/ VENDAS;IFOOD;R$ 5
Em Dez, o grupo '( - ) CUSTOS VARIÁVEIS' registrou R$ 1.596 referente a 'MATERIA PRIMA' (VENDAS INTERCOMPANY).;Dez;( - ) CUSTOS VARIÁVEIS;MATERIA PRIMA;R$ 1.596
Em Set, o grupo 'RECEITAS S/ VENDAS' registrou R$ 18.515 referente a 'ROYALTES USO MARCA'.;Set;RECEITAS S/ VENDAS;ROYALTES USO MARCA;R$ 18.515
Em Dez, o grupo 'RECEITAS S/ VENDAS' registrou R$ 64.081 referente a 'TED/DOC'.;Dez;RECEITAS S/ VENDAS;TED/DOC;R$ 64.081
Em Nov, o grupo 'RECEITAS S/ VENDAS' registrou R$ 35.652 referente a 'TED/DOC'.;Nov;RECEITAS S/ VENDAS;TED/DOC;R$ 35.652
Em Jun, o grupo 'RECEITAS S/ VENDAS' registrou R$ 20.180 referente a 'TED/DOC'.;Jun;RECEITAS S/ VENDAS;TED/DOC;R$ 20.180
Em Set, o grupo 'RECEITAS S/ VENDAS' registrou R$ 13.965 referente a 'TED/DOC'.;Set;RECEITAS S/ VENDAS;TED/DOC;R$ 13.965
Em Ago, o grupo 'RECEITAS S/ VENDAS' registrou R$ 9.667 referente a 'TED/DOC'.;Ago;RECEITAS S/ VENDAS;TED/DOC;R$ 9.667
Em Fev, o grupo 'RECEITAS S/ VENDAS' registrou R$ 3.500 referente a 'TED/DOC'.;Fev;RECEITAS S/ VENDAS;TED/DOC;R$ 3.500
Em Out, o grupo 'RECEITAS S/ VENDAS' registrou R$ 2.007 referente a 'TED/DOC'.;Out;RECEITAS S/ VENDAS;TED/DOC;R$ 2.007
Em Nov, o grupo '( - ) CUSTOS VARIÁVEIS' registrou -R$ 1.351 referente a 'BOVINOS' (PROTEINAS).;Nov;( - ) CUSTOS VARIÁVEIS;BOVINOS;-R$ 1.351
Em Ago, o grupo '( - ) CUSTOS VARIÁVEIS' registrou -R$ 44 referente a 'AVES' (PROTEINAS).;Ago;( - ) CUSTOS VARIÁVEIS;AVES;-R$ 44
Em Nov, o grupo '( - ) CUSTOS VARIÁVEIS' registrou -R$ 300 referente a 'SUINOS' (PROTEINAS).;Nov;( - ) CUSTOS VARIÁVEIS;SUINOS;-R$ 300
Em Nov, o grupo '( - ) CUSTOS VARIÁVEIS' registrou -R$ 990 referente a 'QUEIJOS' (ITENS CARDAPIO).;Nov;( - ) CUSTOS VARIÁVEIS;QUEIJOS;-R$ 990
Em Dez, o grupo '( - ) CUSTOS VARIÁVEIS' registrou -R$ 69 referente a 'SOBREMESAS' (ITENS CARDAPIO).;Dez;( - ) CUSTOS VARIÁVEIS;SOBREMESAS;-R$ 69
Em Jun, o grupo '( - ) CUSTOS VARIÁVEIS' registrou -R$ 7 referente a 'EMBALAGENS' (ITENS CARDAPIO).;Jun;( - ) CUSTOS VARIÁVEIS;EMBALAGENS;-R$ 7
Em Dez, o grupo '( - ) CUSTOS VARIÁVEIS' registrou -R$ 70 referente a 'CACHAÇA' (BEBIDAS ALCÓLICAS).;Dez;( - ) CUSTOS VARIÁVEIS;CACHAÇA;-R$ 70
Em Set, o grupo '( - ) CUSTOS VARIÁVEIS' registrou -R$ 23 referente a 'REFRIGERANTES' (BEBIDAS NÃO ALCÓLICAS).;Set;( - ) CUSTOS VARIÁVEIS;REFRIGERANTES;-R$ 23
Em Dez, o grupo '( - ) CUSTOS VARIÁVEIS' registrou -R$ 220 referente a 'REFRIGERANTES' (BEBIDAS NÃO ALCÓLICAS).;Dez;( - ) CUSTOS VARIÁVEIS;REFRIGERANTES;-R$ 220
Em Nov, o grupo '( - ) CUSTOS VARIÁVEIS' registrou -R$ 1.767 referente a 'REFRIGERANTES' (BEBIDAS NÃO ALCÓLICAS).;Nov;( - ) CUSTOS VARIÁVEIS;REFRIGERANTES;-R$ 1.767
Em Nov, o grupo '( - ) CUSTOS VARIÁVEIS' registrou -R$ 26 referente a 'AGUAS' (BEBIDAS NÃO ALCÓLICAS).;Nov;( - ) CUSTOS VARIÁVEIS;AGUAS;-R$ 26
Em Out, o grupo '( - ) CUSTOS VARIÁVEIS' registrou -R$ 157 referente a 'AGUAS' (BEBIDAS NÃO ALCÓLICAS).;Out;( - ) CUSTOS VARIÁVEIS;AGUAS;-R$ 157
Em Dez, o grupo '( - ) CUSTOS VARIÁVEIS' registrou -R$ 258 referente a 'AGUAS' (BEBIDAS NÃO ALCÓLICAS).;Dez;( - ) CUSTOS VARIÁVEIS;AGUAS;-R$ 258
Em Set, o grupo '( - ) CUSTOS VARIÁVEIS' registrou -R$ 4.129 referente a 'AGUAS' (BEBIDAS NÃO ALCÓLICAS).;Set;( - ) CUSTOS VARIÁVEIS;AGUAS;-R$ 4.129
Em Nov, o grupo '( - ) CUSTOS VARIÁVEIS' registrou -R$ 26 referente a 'ENERGETICOS' (BEBIDAS NÃO ALCÓLICAS).;Nov;( - ) CUSTOS VARIÁVEIS;ENERGETICOS;-R$ 26
Em Set, o grupo '( - ) CUSTOS VARIÁVEIS' registrou -R$ 65 referente a 'ENERGETICOS' (BEBIDAS NÃO ALCÓLICAS).;Set;( - ) CUSTOS VARIÁVEIS;ENERGETICOS;-R$ 65
Em Out, o grupo '( - ) CUSTOS VARIÁVEIS' registrou -R$ 78 referente a 'ENERGETICOS' (BEBIDAS NÃO ALCÓLICAS).;Out;( - ) CUSTOS VARIÁVEIS;ENERGETICOS;-R$ 78
Em Set, o grupo '( - ) CUSTOS VARIÁVEIS' registrou -R$ 30 referente a 'CAFES E CHAS' (BEBIDAS NÃO ALCÓLICAS).;Set;( - ) CUSTOS VARIÁVEIS;CAFES E CHAS;-R$ 30
Em Out, o grupo '( - ) CUSTOS VARIÁVEIS' registrou -R$ 140 referente a 'UTENSILIOS' (MERCEARIA/DEMAIS INSUMOS).;Out;( - ) CUSTOS VARIÁVEIS;UTENSILIOS;-R$ 140
Em Set, o grupo '( - ) CUSTOS VARIÁVEIS' registrou -R$ 254 referente a 'TEMPEROS E CONDIMENTOS' (MERCEARIA/DEMAIS INSUMOS).;Set;( - ) CUSTOS VARIÁVEIS;TEMPEROS E CONDIMENTOS;-R$ 254
Em Jun, o grupo '( - ) CUSTOS VARIÁVEIS' registrou -R$ 39 referente a 'MOLHOS' (MERCEARIA/DEMAIS INSUMOS).;Jun;( - ) CUSTOS VARIÁVEIS;MOLHOS;-R$ 39
Em Nov, o grupo '( - ) CUSTOS VARIÁVEIS' registrou -R$ 225 referente a 'HORTFRUTIGRANJEIROS' (MERCEARIA/DEMAIS INSUMOS).;Nov;( - ) CUSTOS VARIÁVEIS;HORTFRUTIGRANJEIROS;-R$ 225
Em Mar, o grupo '( - ) CUSTOS VARIÁVEIS' registrou -R$ 90 referente a 'PAES E MASSAS' (MERCEARIA/DEMAIS INSUMOS).;Mar;( - ) CUSTOS VARIÁVEIS;PAES E MASSAS;-R$ 90
Em Nov, o grupo '( - ) CUSTOS VARIÁVEIS' registrou -R$ 5.158 referente a 'PAES E MASSAS' (MERCEARIA/DEMAIS INSUMOS).;Nov;( - ) CUSTOS VARIÁVEIS;PAES E MASSAS;-R$ 5.158
Em Out, o grupo '( - ) CUSTOS VARIÁVEIS' registrou -R$ 63 referente a 'DOCES' (MERCEARIA/DEMAIS INSUMOS).;Out;( - ) CUSTOS VARIÁVEIS;DOCES;-R$ 63
Em Jul, o grupo '( - ) CUSTOS VARIÁVEIS' registrou -R$ 192 referente a 'FARINACEOS/CAFE/ACUCAR' (MERCEARIA/DEMAIS INSUMOS).;Jul;( - ) CUSTOS VARIÁVEIS;FARINACEOS/CAFE/ACUCAR;-R$ 192
Em Nov, o grupo '( - ) CUSTOS VARIÁVEIS' registrou -R$ 586 referente a 'FARINACEOS/CAFE/ACUCAR' (MERCEARIA/DEMAIS INSUMOS).;Nov;( - ) CUSTOS VARIÁVEIS;FARINACEOS/CAFE/ACUCAR;-R$ 586
Em Mai, o grupo '( - ) CUSTOS VARIÁVEIS' registrou -R$ 32 referente a 'PETISCOS / PROCESSADOS' (MERCEARIA/DEMAIS INSUMOS).;Mai;( - ) CUSTOS VARIÁVEIS;PETISCOS / PROCESSADOS;-R$ 32
Em Abr, o grupo '( - ) CUSTOS VARIÁVEIS' registrou -R$ 38 referente a 'BOMBONIERE/CONFEITARIA' (MERCEARIA/DEMAIS INSUMOS).;Abr;( - ) CUSTOS VARIÁVEIS;BOMBONIERE/CONFEITARIA;-R$ 38
Em Out, o grupo '( - ) CUSTOS VARIÁVEIS' registrou -R$ 80 referente a 'BOMBONIERE/CONFEITARIA' (MERCEARIA/DEMAIS INSUMOS).;Out;( - ) CUSTOS VARIÁVEIS;BOMBONIERE/CONFEITARIA;-R$ 80
Em Jul, o grupo '( - ) CUSTOS VARIÁVEIS' registrou -R$ 140 referente a 'BOMBONIERE/CONFEITARIA' (MERCEARIA/DEMAIS INSUMOS).;Jul;( - ) CUSTOS VARIÁVEIS;BOMBONIERE/CONFEITARIA;-R$ 140
Em Jan, o grupo '( - ) CUSTOS VARIÁVEIS' registrou -R$ 183 referente a 'BOMBONIERE/CONFEITARIA' (MERCEARIA/DEMAIS INSUMOS).;Jan;( - ) CUSTOS VARIÁVEIS;BOMBONIERE/CONFEITARIA;-R$ 183
Em Mar, o grupo '( - ) CUSTOS VARIÁVEIS' registrou -R$ 188 referente a 'BOMBONIERE/CONFEITARIA' (MERCEARIA/DEMAIS INSUMOS).;Mar;( - ) CUSTOS VARIÁVEIS;BOMBONIERE/CONFEITARIA;-R$ 188
Em Mai, o grupo '( - ) DEDUÇÕES SOBRE RECEITA' registrou -R$ 44 referente a 'MOTOBOY E APPS DE ENTREGA' (DELIVERY - SERVIÇOS E TAXAS).;Mai;( - ) DEDUÇÕES SOBRE RECEITA;MOTOBOY E APPS DE ENTREGA;-R$ 44
Em Set, o grupo '( - ) CUSTOS VARIÁVEIS' registrou -R$ 2.816 referente a 'MATERIA PRIMA' (COMPRA DE MERCADORIAS).;Set;( - ) CUSTOS VARIÁVEIS;MATERIA PRIMA;-R$ 2.816
Em Dez, o grupo '( - ) CUSTOS VARIÁVEIS' registrou -R$ 2.844 referente a 'MATERIA PRIMA' (COMPRA DE MERCADORIAS).;Dez;( - ) CUSTOS VARIÁVEIS;MATERIA PRIMA;-R$ 2.844
Em Nov, o grupo '( - ) CUSTOS VARIÁVEIS' registrou -R$ 2.861 referente a 'MATERIA PRIMA' (COMPRA DE MERCADORIAS).;Nov;( - ) CUSTOS VARIÁVEIS;MATERIA PRIMA;-R$ 2.861
Em Out, o grupo '( - ) CUSTOS VARIÁVEIS' registrou -R$ 3.795 referente a 'MATERIA PRIMA' (COMPRA DE MERCADORIAS).;Out;( - ) CUSTOS VARIÁVEIS;MATERIA PRIMA;-R$ 3.795
Em Jan, o grupo '( - ) CUSTOS VARIÁVEIS' registrou -R$ 8 referente a 'EMBALAGENS' (COMPRA DE MERCADORIAS).;Jan;( - ) CUSTOS VARIÁVEIS;EMBALAGENS;-R$ 8
Em Out, o grupo '( - ) CUSTOS VARIÁVEIS' registrou -R$ 13 referente a 'EMBALAGENS' (COMPRA DE MERCADORIAS).;Out;( - ) CUSTOS VARIÁVEIS;EMBALAGENS;-R$ 13
Em Nov, o grupo '( - ) CUSTOS VARIÁVEIS' registrou -R$ 514 referente a 'EMBALAGENS' (COMPRA DE MERCADORIAS).;Nov;( - ) CUSTOS VARIÁVEIS;EMBALAGENS;-R$ 514
Em Jan, o grupo '( - ) CUSTOS VARIÁVEIS' registrou -R$ 33 referente a 'USO E CONSUMO' (COMPRA DE MERCADORIAS).;Jan;( - ) CUSTOS VARIÁVEIS;USO E CONSUMO;-R$ 33
Em Ago, o grupo '( - ) CUSTOS VARIÁVEIS' registrou -R$ 33 referente a 'USO E CONSUMO' (COMPRA DE MERCADORIAS).;Ago;( - ) CUSTOS VARIÁVEIS;USO E CONSUMO;-R$ 33
Em Jul, o grupo '( - ) CUSTOS VARIÁVEIS' registrou -R$ 64 referente a 'USO E CONSUMO' (COMPRA DE MERCADORIAS).;Jul;( - ) CUSTOS VARIÁVEIS;USO E CONSUMO;-R$ 64
Em Mai, o grupo '( - ) CUSTOS VARIÁVEIS' registrou -R$ 69 referente a 'USO E CONSUMO' (COMPRA DE MERCADORIAS).;Mai;( - ) CUSTOS VARIÁVEIS;USO E CONSUMO;-R$ 69
Em Dez, o grupo '( - ) CUSTOS VARIÁVEIS' registrou -R$ 155 referente a 'USO E CONSUMO' (COMPRA DE MERCADORIAS).;Dez;( - ) CUSTOS VARIÁVEIS;USO E CONSUMO;-R$ 155
Em Nov, o grupo '( - ) CUSTOS VARIÁVEIS' registrou -R$ 247 referente a 'USO E CONSUMO' (COMPRA DE MERCADORIAS).;Nov;( - ) CUSTOS VARIÁVEIS;USO E CONSUMO;-R$ 247
Em Set, o grupo '( - ) CUSTOS VARIÁVEIS' registrou -R$ 558 referente a 'USO E CONSUMO' (COMPRA DE MERCADORIAS).;Set;( - ) CUSTOS VARIÁVEIS;USO E CONSUMO;-R$ 558
Em Ago, o grupo '( - ) GASTOS COM PESSOAL' registrou -R$ 56.737 referente a 'SALARIOS E ORDENADOS'.;Ago;( - ) GASTOS COM PESSOAL;SALARIOS E ORDENADOS;-R$ 56.737
Em Jan, o grupo '( - ) GASTOS COM PESSOAL' registrou -R$ 67.609 referente a 'SALARIOS E ORDENADOS'.;Jan;( - ) GASTOS COM PESSOAL;SALARIOS E ORDENADOS;-R$ 67.609
Em Fev, o grupo '( - ) GASTOS COM PESSOAL' registrou -R$ 77.071 referente a 'SALARIOS E ORDENADOS'.;Fev;( - ) GASTOS COM PESSOAL;SALARIOS E ORDENADOS;-R$ 77.071
Em Mar, o grupo '( - ) GASTOS COM PESSOAL' registrou -R$ 83.203 referente a 'SALARIOS E ORDENADOS'.;Mar;( - ) GASTOS COM PESSOAL;SALARIOS E ORDENADOS;-R$ 83.203
Em Set, o grupo '( - ) GASTOS COM PESSOAL' registrou -R$ 93.279 referente a 'SALARIOS E ORDENADOS'.;Set;( - ) GASTOS COM PESSOAL;SALARIOS E ORDENADOS;-R$ 93.279
Em Mai, o grupo '( - ) GASTOS COM PESSOAL' registrou -R$ 100.950 referente a 'SALARIOS E ORDENADOS'.;Mai;( - ) GASTOS COM PESSOAL;SALARIOS E ORDENADOS;-R$ 100.950
Em Jul, o grupo '( - ) GASTOS COM PESSOAL' registrou -R$ 101.003 referente a 'SALARIOS E ORDENADOS'.;Jul;( - ) GASTOS COM PESSOAL;SALARIOS E ORDENADOS;-R$ 101.003
Em Jun, o grupo '( - ) GASTOS COM PESSOAL' registrou -R$ 111.632 referente a 'SALARIOS E ORDENADOS'.;Jun;( - ) GASTOS COM PESSOAL;SALARIOS E ORDENADOS;-R$ 111.632
Em Out, o grupo '( - ) GASTOS COM PESSOAL' registrou -R$ 113.451 referente a 'SALARIOS E ORDENADOS'.;Out;( - ) GASTOS COM PESSOAL;SALARIOS E ORDENADOS;-R$ 113.451
Em Abr, o grupo '( - ) GASTOS COM PESSOAL' registrou -R$ 116.906 referente a 'SALARIOS E ORDENADOS'.;Abr;( - ) GASTOS COM PESSOAL;SALARIOS E ORDENADOS;-R$ 116.906
Em Nov, o grupo '( - ) GASTOS COM PESSOAL' registrou -R$ 131.076 referente a 'SALARIOS E ORDENADOS'.;Nov;( - ) GASTOS COM PESSOAL;SALARIOS E ORDENADOS;-R$ 131.076
Em Dez, o grupo '( - ) GASTOS COM PESSOAL' registrou -R$ 136.562 referente a 'SALARIOS E ORDENADOS'.;Dez;( - ) GASTOS COM PESSOAL;SALARIOS E ORDENADOS;-R$ 136.562
Em Jan, o grupo '( - ) GASTOS COM PESSOAL' registrou -R$ 777 referente a 'FÉRIAS'.;Jan;( - ) GASTOS COM PESSOAL;FÉRIAS;-R$ 777
Em Jun, o grupo '( - ) GASTOS COM PESSOAL' registrou -R$ 1.200 referente a 'FÉRIAS'.;Jun;( - ) GASTOS COM PESSOAL;FÉRIAS;-R$ 1.200
Em Out, o grupo '( - ) GASTOS COM PESSOAL' registrou -R$ 2.205 referente a 'FÉRIAS'.;Out;( - ) GASTOS COM PESSOAL;FÉRIAS;-R$ 2.205
Em Abr, o grupo '( - ) GASTOS COM PESSOAL' registrou -R$ 2.229 referente a 'FÉRIAS'.;Abr;( - ) GASTOS COM PESSOAL;FÉRIAS;-R$ 2.229
Em Set, o grupo '( - ) GASTOS COM PESSOAL' registrou -R$ 2.269 referente a 'FÉRIAS'.;Set;( - ) GASTOS COM PESSOAL;FÉRIAS;-R$ 2.269
Em Nov, o grupo '( - ) GASTOS COM PESSOAL' registrou -R$ 3.086 referente a 'FÉRIAS'.;Nov;( - ) GASTOS COM PESSOAL;FÉRIAS;-R$ 3.086
Em Mai, o grupo '( - ) GASTOS COM PESSOAL' registrou -R$ 3.117 referente a 'FÉRIAS'.;Mai;( - ) GASTOS COM PESSOAL;FÉRIAS;-R$ 3.117
Em Jul, o grupo '( - ) GASTOS COM PESSOAL' registrou -R$ 6.667 referente a 'FÉRIAS'.;Jul;( - ) GASTOS COM PESSOAL;FÉRIAS;-R$ 6.667
Em Ago, o grupo '( - ) GASTOS COM PESSOAL' registrou -R$ 6.840 referente a 'FÉRIAS'.;Ago;( - ) GASTOS COM PESSOAL;FÉRIAS;-R$ 6.840
Em Mar, o grupo '( - ) GASTOS COM PESSOAL' registrou -R$ 10.420 referente a 'FÉRIAS'.;Mar;( - ) GASTOS COM PESSOAL;FÉRIAS;-R$ 10.420
Em Nov, o grupo '( - ) GASTOS COM PESSOAL' registrou -R$ 48.514 referente a 'DECIMO TERCEIRO SALÁRIO'.;Nov;( - ) GASTOS COM PESSOAL;DECIMO TERCEIRO SALÁRIO;-R$ 48.514
Em Dez, o grupo '( - ) GASTOS COM PESSOAL' registrou -R$ 2.580 referente a 'RESCISÕES TRABALHISTAS'.;Dez;( - ) GASTOS COM PESSOAL;RESCISÕES TRABALHISTAS;-R$ 2.580
Em Abr, o grupo '( - ) GASTOS COM PESSOAL' registrou -R$ 2.718 referente a 'RESCISÕES TRABALHISTAS'.;Abr;( - ) GASTOS COM PESSOAL;RESCISÕES TRABALHISTAS;-R$ 2.718
Em Jul, o grupo '( - ) GASTOS COM PESSOAL' registrou -R$ 3.543 referente a 'RESCISÕES TRABALHISTAS'.;Jul;( - ) GASTOS COM PESSOAL;RESCISÕES TRABALHISTAS;-R$ 3.543
Em Out, o grupo '( - ) GASTOS COM PESSOAL' registrou -R$ 3.941 referente a 'RESCISÕES TRABALHISTAS'.;Out;( - ) GASTOS COM PESSOAL;RESCISÕES TRABALHISTAS;-R$ 3.941
Em Set, o grupo '( - ) GASTOS COM PESSOAL' registrou -R$ 5.627 referente a 'RESCISÕES TRABALHISTAS'.;Set;( - ) GASTOS COM PESSOAL;RESCISÕES TRABALHISTAS;-R$ 5.627
Em Ago, o grupo '( - ) GASTOS COM PESSOAL' registrou -R$ 5.974 referente a 'RESCISÕES TRABALHISTAS'.;Ago;( - ) GASTOS COM PESSOAL;RESCISÕES TRABALHISTAS;-R$ 5.974
Em Fev, o grupo '( - ) GASTOS COM PESSOAL' registrou -R$ 8.014 referente a 'RESCISÕES TRABALHISTAS'.;Fev;( - ) GASTOS COM PESSOAL;RESCISÕES TRABALHISTAS;-R$ 8.014
Em Jan, o grupo '( - ) GASTOS COM PESSOAL' registrou -R$ 9.561 referente a 'RESCISÕES TRABALHISTAS'.;Jan;( - ) GASTOS COM PESSOAL;RESCISÕES TRABALHISTAS;-R$ 9.561
Em Mar, o grupo '( - ) GASTOS COM PESSOAL' registrou -R$ 535 referente a 'IRPF S/ SALARIO'.;Mar;( - ) GASTOS COM PESSOAL;IRPF S/ SALARIO;-R$ 535
Em Mar, o grupo '( - ) GASTOS COM PESSOAL' registrou -R$ 328 referente a 'HORAS EXTRAS'.;Mar;( - ) GASTOS COM PESSOAL;HORAS EXTRAS;-R$ 328
Em Set, o grupo '( - ) GASTOS COM PESSOAL' registrou -R$ 817 referente a 'HORAS EXTRAS'.;Set;( - ) GASTOS COM PESSOAL;HORAS EXTRAS;-R$ 817
Em Fev, o grupo '( - ) GASTOS COM PESSOAL' registrou -R$ 2.544 referente a 'HORAS EXTRAS'.;Fev;( - ) GASTOS COM PESSOAL;HORAS EXTRAS;-R$ 2.544
Em Jun, o grupo '( - ) GASTOS COM PESSOAL' registrou -R$ 728 referente a 'GRATIFICAÇÕES E COMISSÕES'.;Jun;( - ) GASTOS COM PESSOAL;GRATIFICAÇÕES E COMISSÕES;-R$ 728
Em Dez, o grupo '( - ) GASTOS COM PESSOAL' registrou -R$ 931 referente a 'GRATIFICAÇÕES E COMISSÕES'.;Dez;( - ) GASTOS COM PESSOAL;GRATIFICAÇÕES E COMISSÕES;-R$ 931
Em Out, o grupo '( - ) GASTOS COM PESSOAL' registrou -R$ 1.084 referente a 'GRATIFICAÇÕES E COMISSÕES'.;Out;( - ) GASTOS COM PESSOAL;GRATIFICAÇÕES E COMISSÕES;-R$ 1.084
Em Nov, o grupo '( - ) GASTOS COM PESSOAL' registrou -R$ 1.275 referente a 'GRATIFICAÇÕES E COMISSÕES'.;Nov;( - ) GASTOS COM PESSOAL;GRATIFICAÇÕES E COMISSÕES;-R$ 1.275
Em Abr, o grupo '( - ) GASTOS COM PESSOAL' registrou -R$ 1.785 referente a 'GRATIFICAÇÕES E COMISSÕES'.;Abr;( - ) GASTOS COM PESSOAL;GRATIFICAÇÕES E COMISSÕES;-R$ 1.785
Em Set, o grupo '( - ) GASTOS COM PESSOAL' registrou -R$ 2.700 referente a 'GRATIFICAÇÕES E COMISSÕES'.;Set;( - ) GASTOS COM PESSOAL;GRATIFICAÇÕES E COMISSÕES;-R$ 2.700
Em Ago, o grupo '( - ) GASTOS COM PESSOAL' registrou -R$ 10.000 referente a 'INDENIZAÇÕES TRABALHISTAS'.;Ago;( - ) GASTOS COM PESSOAL;INDENIZAÇÕES TRABALHISTAS;-R$ 10.000
Em Jul, o grupo '( - ) GASTOS COM PESSOAL' registrou -R$ 10.000 referente a 'INDENIZAÇÕES TRABALHISTAS'.;Jul;( - ) GASTOS COM PESSOAL;INDENIZAÇÕES TRABALHISTAS;-R$ 10.000
Em Set, o grupo '( - ) GASTOS COM PESSOAL' registrou -R$ 10.000 referente a 'INDENIZAÇÕES TRABALHISTAS'.;Set;( - ) GASTOS COM PESSOAL;INDENIZAÇÕES TRABALHISTAS;-R$ 10.000
Em Nov, o grupo '( - ) GASTOS COM PESSOAL' registrou -R$ 10.600 referente a 'INDENIZAÇÕES TRABALHISTAS'.;Nov;( - ) GASTOS COM PESSOAL;INDENIZAÇÕES TRABALHISTAS;-R$ 10.600
Em Out, o grupo '( - ) GASTOS COM PESSOAL' registrou -R$ 16.907 referente a 'INDENIZAÇÕES TRABALHISTAS'.;Out;( - ) GASTOS COM PESSOAL;INDENIZAÇÕES TRABALHISTAS;-R$ 16.907
Em Jan, o grupo '( - ) SERVIÇOS DE TERCEIROS' registrou -R$ 236 referente a 'TREINAMENTOS E CAPACITAÇÕES'.;Jan;( - ) SERVIÇOS DE TERCEIROS;TREINAMENTOS E CAPACITAÇÕES;-R$ 236
Em Mar, o grupo '( - ) SERVIÇOS DE TERCEIROS' registrou -R$ 5.634 referente a 'TREINAMENTOS E CAPACITAÇÕES'.;Mar;( - ) SERVIÇOS DE TERCEIROS;TREINAMENTOS E CAPACITAÇÕES;-R$ 5.634
Em Abr, o grupo '( - ) SERVIÇOS DE TERCEIROS' registrou -R$ 6.333 referente a 'TREINAMENTOS E CAPACITAÇÕES'.;Abr;( - ) SERVIÇOS DE TERCEIROS;TREINAMENTOS E CAPACITAÇÕES;-R$ 6.333
Em Ago, o grupo '( - ) GASTOS COM PESSOAL' registrou -R$ 54 referente a 'UNIFORME E EPI'.;Ago;( - ) GASTOS COM PESSOAL;UNIFORME E EPI;-R$ 54
Em Dez, o grupo '( - ) GASTOS COM PESSOAL' registrou -R$ 110 referente a 'UNIFORME E EPI'.;Dez;( - ) GASTOS COM PESSOAL;UNIFORME E EPI;-R$ 110
Em Jul, o grupo '( - ) GASTOS COM PESSOAL' registrou -R$ 348 referente a 'UNIFORME E EPI'.;Jul;( - ) GASTOS COM PESSOAL;UNIFORME E EPI;-R$ 348
Em Mai, o grupo '( - ) GASTOS COM PESSOAL' registrou -R$ 500 referente a 'UNIFORME E EPI'.;Mai;( - ) GASTOS COM PESSOAL;UNIFORME E EPI;-R$ 500
Em Abr, o grupo '( - ) GASTOS COM PESSOAL' registrou -R$ 1.230 referente a 'UNIFORME E EPI'.;Abr;( - ) GASTOS COM PESSOAL;UNIFORME E EPI;-R$ 1.230
Em Jan, o grupo '( - ) GASTOS COM PESSOAL' registrou -R$ 3.903 referente a 'UNIFORME E EPI'.;Jan;( - ) GASTOS COM PESSOAL;UNIFORME E EPI;-R$ 3.903
Em Mar, o grupo '( - ) GASTOS COM PESSOAL' registrou -R$ 163 referente a 'VALE TRANSPORTE'.;Mar;( - ) GASTOS COM PESSOAL;VALE TRANSPORTE;-R$ 163
Em Mai, o grupo '( - ) GASTOS COM PESSOAL' registrou -R$ 190 referente a 'VALE TRANSPORTE'.;Mai;( - ) GASTOS COM PESSOAL;VALE TRANSPORTE;-R$ 190
Em Jun, o grupo '( - ) GASTOS COM PESSOAL' registrou -R$ 587 referente a 'PLANO DE SAÚDE'.;Jun;( - ) GASTOS COM PESSOAL;PLANO DE SAÚDE;-R$ 587
Em Dez, o grupo '( - ) GASTOS COM PESSOAL' registrou -R$ 42 referente a 'VALE ALIMENTAÇÃO/REFEIÇÃO'.;Dez;( - ) GASTOS COM PESSOAL;VALE ALIMENTAÇÃO/REFEIÇÃO;-R$ 42
Em Abr, o grupo '( - ) GASTOS COM PESSOAL' registrou -R$ 1.168 referente a 'OUTROS GASTOS COM PESSOAL'.;Abr;( - ) GASTOS COM PESSOAL;OUTROS GASTOS COM PESSOAL;-R$ 1.168
Em Jan, o grupo '( - ) GASTOS COM PESSOAL' registrou -R$ 1.323 referente a 'OUTROS GASTOS COM PESSOAL'.;Jan;( - ) GASTOS COM PESSOAL;OUTROS GASTOS COM PESSOAL;-R$ 1.323
Em Mar, o grupo '( - ) GASTOS COM PESSOAL' registrou -R$ 13.810 referente a 'INSS'.;Mar;( - ) GASTOS COM PESSOAL;INSS;-R$ 13.810
Em Jun, o grupo '( - ) GASTOS COM PESSOAL' registrou -R$ 1.496 referente a 'FGTS'.;Jun;( - ) GASTOS COM PESSOAL;FGTS;-R$ 1.496
Em Jan, o grupo '( - ) GASTOS COM PESSOAL' registrou -R$ 1.517 referente a 'FGTS'.;Jan;( - ) GASTOS COM PESSOAL;FGTS;-R$ 1.517
Em Ago, o grupo '( - ) GASTOS COM PESSOAL' registrou -R$ 4.320 referente a 'FGTS'.;Ago;( - ) GASTOS COM PESSOAL;FGTS;-R$ 4.320
Em Set, o grupo '( - ) GASTOS COM PESSOAL' registrou -R$ 8.470 referente a 'FGTS'.;Set;( - ) GASTOS COM PESSOAL;FGTS;-R$ 8.470
Em Out, o grupo '( - ) GASTOS COM PESSOAL' registrou -R$ 11.827 referente a 'FGTS'.;Out;( - ) GASTOS COM PESSOAL;FGTS;-R$ 11.827
Em Nov, o grupo '( - ) GASTOS COM PESSOAL' registrou -R$ 13.073 referente a 'FGTS'.;Nov;( - ) GASTOS COM PESSOAL;FGTS;-R$ 13.073
Em Abr, o grupo '( - ) GASTOS COM PESSOAL' registrou -R$ 13.903 referente a 'FGTS'.;Abr;( - ) GASTOS COM PESSOAL;FGTS;-R$ 13.903
Em Mar, o grupo '( - ) GASTOS COM PESSOAL' registrou -R$ 14.677 referente a 'FGTS'.;Mar;( - ) GASTOS COM PESSOAL;FGTS;-R$ 14.677
Em Dez, o grupo '( - ) GASTOS COM PESSOAL' registrou -R$ 17.328 referente a 'FGTS'.;Dez;( - ) GASTOS COM PESSOAL;FGTS;-R$ 17.328
Em Out, o grupo '( - ) GASTOS COM PESSOAL' registrou -R$ 164 referente a 'FGTS RESCISÓRIO'.;Out;( - ) GASTOS COM PESSOAL;FGTS RESCISÓRIO;-R$ 164
Em Abr, o grupo '( - ) GASTOS COM PESSOAL' registrou -R$ 318 referente a 'FGTS RESCISÓRIO'.;Abr;( - ) GASTOS COM PESSOAL;FGTS RESCISÓRIO;-R$ 318
Em Fev, o grupo '( - ) GASTOS COM PESSOAL' registrou -R$ 1.147 referente a 'FGTS RESCISÓRIO'.;Fev;( - ) GASTOS COM PESSOAL;FGTS RESCISÓRIO;-R$ 1.147
Em Jul, o grupo '( - ) GASTOS COM PESSOAL' registrou -R$ 2.502 referente a 'FGTS RESCISÓRIO'.;Jul;( - ) GASTOS COM PESSOAL;FGTS RESCISÓRIO;-R$ 2.502
Em Set, o grupo '( - ) GASTOS COM PESSOAL' registrou -R$ 2.595 referente a 'FGTS RESCISÓRIO'.;Set;( - ) GASTOS COM PESSOAL;FGTS RESCISÓRIO;-R$ 2.595
Em Abr, o grupo '( - ) GASTOS COM PESSOAL' registrou -R$ 120 referente a 'FREELANCER'.;Abr;( - ) GASTOS COM PESSOAL;FREELANCER;-R$ 120
Em Jun, o grupo '( - ) GASTOS COM PESSOAL' registrou -R$ 150 referente a 'FREELANCER'.;Jun;( - ) GASTOS COM PESSOAL;FREELANCER;-R$ 150
Em Jan, o grupo '( - ) GASTOS COM PESSOAL' registrou -R$ 360 referente a 'FREELANCER'.;Jan;( - ) GASTOS COM PESSOAL;FREELANCER;-R$ 360
Em Mai, o grupo '( - ) GASTOS COM PESSOAL' registrou -R$ 2.624 referente a 'FREELANCER'.;Mai;( - ) GASTOS COM PESSOAL;FREELANCER;-R$ 2.624
Em Out, o grupo '( - ) GASTOS COM PESSOAL' registrou -R$ 33 referente a 'EXAME ADMISSIONAL/DEMISSIONAL'.;Out;( - ) GASTOS COM PESSOAL;EXAME ADMISSIONAL/DEMISSIONAL;-R$ 33
Em Jul, o grupo '( - ) GASTOS COM PESSOAL' registrou -R$ 108 referente a 'EXAME ADMISSIONAL/DEMISSIONAL'.;Jul;( - ) GASTOS COM PESSOAL;EXAME ADMISSIONAL/DEMISSIONAL;-R$ 108
Em Nov, o grupo '( - ) GASTOS COM PESSOAL' registrou -R$ 110 referente a 'EXAME ADMISSIONAL/DEMISSIONAL'.;Nov;( - ) GASTOS COM PESSOAL;EXAME ADMISSIONAL/DEMISSIONAL;-R$ 110
Em Ago, o grupo '( - ) GASTOS COM PESSOAL' registrou -R$ 156 referente a 'EXAME ADMISSIONAL/DEMISSIONAL'.;Ago;( - ) GASTOS COM PESSOAL;EXAME ADMISSIONAL/DEMISSIONAL;-R$ 156
Em Jun, o grupo '( - ) GASTOS COM PESSOAL' registrou -R$ 193 referente a 'EXAME ADMISSIONAL/DEMISSIONAL'.;Jun;( - ) GASTOS COM PESSOAL;EXAME ADMISSIONAL/DEMISSIONAL;-R$ 193
Em Set, o grupo '( - ) GASTOS COM PESSOAL' registrou -R$ 1.135 referente a 'EXAME ADMISSIONAL/DEMISSIONAL'.;Set;( - ) GASTOS COM PESSOAL;EXAME ADMISSIONAL/DEMISSIONAL;-R$ 1.135
Em Abr, o grupo '( - ) GASTOS COM PESSOAL' registrou -R$ 1.550 referente a 'EXAME ADMISSIONAL/DEMISSIONAL'.;Abr;( - ) GASTOS COM PESSOAL;EXAME ADMISSIONAL/DEMISSIONAL;-R$ 1.550
Em Dez, o grupo '( - ) GASTOS COM PESSOAL' registrou -R$ 1.090 referente a 'AJUDA DE CUSTO'.;Dez;( - ) GASTOS COM PESSOAL;AJUDA DE CUSTO;-R$ 1.090
Em Jan, o grupo '( - ) GASTOS COM PESSOAL' registrou -R$ 3.490 referente a 'AJUDA DE CUSTO'.;Jan;( - ) GASTOS COM PESSOAL;AJUDA DE CUSTO;-R$ 3.490
Em Jun, o grupo '( - ) GASTOS COM PESSOAL' registrou -R$ 3.592 referente a 'AJUDA DE CUSTO'.;Jun;( - ) GASTOS COM PESSOAL;AJUDA DE CUSTO;-R$ 3.592
Em Mar, o grupo '( - ) GASTOS COM PESSOAL' registrou -R$ 4.330 referente a 'AJUDA DE CUSTO'.;Mar;( - ) GASTOS COM PESSOAL;AJUDA DE CUSTO;-R$ 4.330
Em Fev, o grupo '( - ) GASTOS COM PESSOAL' registrou -R$ 4.530 referente a 'AJUDA DE CUSTO'.;Fev;( - ) GASTOS COM PESSOAL;AJUDA DE CUSTO;-R$ 4.530
Em Mai, o grupo '( - ) GASTOS COM PESSOAL' registrou -R$ 5.300 referente a 'AJUDA DE CUSTO'.;Mai;( - ) GASTOS COM PESSOAL;AJUDA DE CUSTO;-R$ 5.300
Em Jul, o grupo '( - ) GASTOS COM PESSOAL' registrou -R$ 5.570 referente a 'AJUDA DE CUSTO'.;Jul;( - ) GASTOS COM PESSOAL;AJUDA DE CUSTO;-R$ 5.570
Em Ago, o grupo '( - ) GASTOS COM PESSOAL' registrou -R$ 5.610 referente a 'AJUDA DE CUSTO'.;Ago;( - ) GASTOS COM PESSOAL;AJUDA DE CUSTO;-R$ 5.610
Em Set, o grupo '( - ) GASTOS COM PESSOAL' registrou -R$ 6.019 referente a 'AJUDA DE CUSTO'.;Set;( - ) GASTOS COM PESSOAL;AJUDA DE CUSTO;-R$ 6.019
Em Out, o grupo '( - ) GASTOS COM PESSOAL' registrou -R$ 7.622 referente a 'AJUDA DE CUSTO'.;Out;( - ) GASTOS COM PESSOAL;AJUDA DE CUSTO;-R$ 7.622
Em Abr, o grupo '( - ) GASTOS COM PESSOAL' registrou -R$ 8.350 referente a 'AJUDA DE CUSTO'.;Abr;( - ) GASTOS COM PESSOAL;AJUDA DE CUSTO;-R$ 8.350
Em Nov, o grupo '( - ) GASTOS COM PESSOAL' registrou -R$ 8.385 referente a 'AJUDA DE CUSTO'.;Nov;( - ) GASTOS COM PESSOAL;AJUDA DE CUSTO;-R$ 8.385
Em Set, o grupo '( - ) SERVIÇOS DE TERCEIROS' registrou -R$ 86 referente a 'PRO-LABORE SOCIO PRINCIPAL'.;Set;( - ) SERVIÇOS DE TERCEIROS;PRO-LABORE SOCIO PRINCIPAL;-R$ 86
Em Nov, o grupo '( - ) SERVIÇOS DE TERCEIROS' registrou -R$ 95 referente a 'PRO-LABORE SOCIO PRINCIPAL'.;Nov;( - ) SERVIÇOS DE TERCEIROS;PRO-LABORE SOCIO PRINCIPAL;-R$ 95
Em Ago, o grupo '( - ) SERVIÇOS DE TERCEIROS' registrou -R$ 95 referente a 'PRO-LABORE SOCIO PRINCIPAL'.;Ago;( - ) SERVIÇOS DE TERCEIROS;PRO-LABORE SOCIO PRINCIPAL;-R$ 95
Em Abr, o grupo '( - ) SERVIÇOS DE TERCEIROS' registrou -R$ 95 referente a 'PRO-LABORE SOCIO PRINCIPAL'.;Abr;( - ) SERVIÇOS DE TERCEIROS;PRO-LABORE SOCIO PRINCIPAL;-R$ 95
Em Dez, o grupo '( - ) SERVIÇOS DE TERCEIROS' registrou -R$ 95 referente a 'PRO-LABORE SOCIO PRINCIPAL'.;Dez;( - ) SERVIÇOS DE TERCEIROS;PRO-LABORE SOCIO PRINCIPAL;-R$ 95
Em Mai, o grupo '( - ) SERVIÇOS DE TERCEIROS' registrou -R$ 95 referente a 'PRO-LABORE SOCIO PRINCIPAL'.;Mai;( - ) SERVIÇOS DE TERCEIROS;PRO-LABORE SOCIO PRINCIPAL;-R$ 95
Em Jun, o grupo '( - ) SERVIÇOS DE TERCEIROS' registrou -R$ 95 referente a 'PRO-LABORE SOCIO PRINCIPAL'.;Jun;( - ) SERVIÇOS DE TERCEIROS;PRO-LABORE SOCIO PRINCIPAL;-R$ 95
Em Fev, o grupo '( - ) SERVIÇOS DE TERCEIROS' registrou -R$ 387 referente a 'PRO-LABORE SOCIO PRINCIPAL'.;Fev;( - ) SERVIÇOS DE TERCEIROS;PRO-LABORE SOCIO PRINCIPAL;-R$ 387
Em Set, o grupo '( - ) GASTOS COM PESSOAL' registrou -R$ 38 referente a 'MEDICAMENTOS/CURATIVOS'.;Set;( - ) GASTOS COM PESSOAL;MEDICAMENTOS/CURATIVOS;-R$ 38
Em Jul, o grupo '( - ) GASTOS COM PESSOAL' registrou -R$ 808 referente a 'MEDICAMENTOS/CURATIVOS'.;Jul;( - ) GASTOS COM PESSOAL;MEDICAMENTOS/CURATIVOS;-R$ 808
Em Dez, o grupo '( - ) DEDUÇÕES SOBRE RECEITA' registrou -R$ 3.148 referente a 'GORJETAS'.;Dez;( - ) DEDUÇÕES SOBRE RECEITA;GORJETAS;-R$ 3.148
Em Dez, o grupo '( - ) GASTOS COM PESSOAL' registrou -R$ 1.700 referente a 'EMPRESTIMO A FUNCIONARIO'.;Dez;( - ) GASTOS COM PESSOAL;EMPRESTIMO A FUNCIONARIO;-R$ 1.700
Em Jul, o grupo '( - ) GASTOS COM PESSOAL' registrou -R$ 1.700 referente a 'EMPRESTIMO A FUNCIONARIO'.;Jul;( - ) GASTOS COM PESSOAL;EMPRESTIMO A FUNCIONARIO;-R$ 1.700
Em Fev, o grupo '( - ) GASTOS COM PESSOAL' registrou -R$ 3.774 referente a 'EMPRESTIMO A FUNCIONARIO'.;Fev;( - ) GASTOS COM PESSOAL;EMPRESTIMO A FUNCIONARIO;-R$ 3.774
Em Set, o grupo '( - ) GASTOS COM PESSOAL' registrou -R$ 240 referente a 'SINDICATO'.;Set;( - ) GASTOS COM PESSOAL;SINDICATO;-R$ 240
Em Jul, o grupo '( - ) GASTOS COM PESSOAL' registrou -R$ 404 referente a 'SINDICATO'.;Jul;( - ) GASTOS COM PESSOAL;SINDICATO;-R$ 404
Em Dez, o grupo '( - ) GASTOS COM PESSOAL' registrou -R$ 507 referente a 'SINDICATO'.;Dez;( - ) GASTOS COM PESSOAL;SINDICATO;-R$ 507
Em Out, o grupo '( - ) GASTOS COM PESSOAL' registrou -R$ 1.109 referente a 'SINDICATO'.;Out;( - ) GASTOS COM PESSOAL;SINDICATO;-R$ 1.109
Em Ago, o grupo '( - ) GASTOS COM PESSOAL' registrou -R$ 2.611 referente a 'SINDICATO'.;Ago;( - ) GASTOS COM PESSOAL;SINDICATO;-R$ 2.611
Em Jun, o grupo '( - ) GASTOS COM PESSOAL' registrou -R$ 15.487 referente a 'SINDICATO'.;Jun;( - ) GASTOS COM PESSOAL;SINDICATO;-R$ 15.487
Em Jun, o grupo '( - ) UTILIDADES E SERVIÇOS' registrou -R$ 900 referente a 'ALUGUEL DE IMOVEIS' (ALUGUEL E CONDOMÍNIOS).;Jun;( - ) UTILIDADES E SERVIÇOS;ALUGUEL DE IMOVEIS;-R$ 900
Em Abr, o grupo '( - ) UTILIDADES E SERVIÇOS' registrou -R$ 3.137 referente a 'ALUGUEL DE IMOVEIS' (ALUGUEL E CONDOMÍNIOS).;Abr;( - ) UTILIDADES E SERVIÇOS;ALUGUEL DE IMOVEIS;-R$ 3.137
Em Mar, o grupo '( - ) UTILIDADES E SERVIÇOS' registrou -R$ 4.489 referente a 'ALUGUEL DE IMOVEIS' (ALUGUEL E CONDOMÍNIOS).;Mar;( - ) UTILIDADES E SERVIÇOS;ALUGUEL DE IMOVEIS;-R$ 4.489
Em Jul, o grupo '( - ) UTILIDADES E SERVIÇOS' registrou -R$ 8.000 referente a 'ALUGUEL DE IMOVEIS' (ALUGUEL E CONDOMÍNIOS).;Jul;( - ) UTILIDADES E SERVIÇOS;ALUGUEL DE IMOVEIS;-R$ 8.000
Em Ago, o grupo '( - ) UTILIDADES E SERVIÇOS' registrou -R$ 8.900 referente a 'ALUGUEL DE IMOVEIS' (ALUGUEL E CONDOMÍNIOS).;Ago;( - ) UTILIDADES E SERVIÇOS;ALUGUEL DE IMOVEIS;-R$ 8.900
Em Dez, o grupo '( - ) UTILIDADES E SERVIÇOS' registrou -R$ 9.400 referente a 'ALUGUEL DE IMOVEIS' (ALUGUEL E CONDOMÍNIOS).;Dez;( - ) UTILIDADES E SERVIÇOS;ALUGUEL DE IMOVEIS;-R$ 9.400
Em Nov, o grupo '( - ) UTILIDADES E SERVIÇOS' registrou -R$ 9.400 referente a 'ALUGUEL DE IMOVEIS' (ALUGUEL E CONDOMÍNIOS).;Nov;( - ) UTILIDADES E SERVIÇOS;ALUGUEL DE IMOVEIS;-R$ 9.400
Em Set, o grupo '( - ) UTILIDADES E SERVIÇOS' registrou -R$ 9.400 referente a 'ALUGUEL DE IMOVEIS' (ALUGUEL E CONDOMÍNIOS).;Set;( - ) UTILIDADES E SERVIÇOS;ALUGUEL DE IMOVEIS;-R$ 9.400
Em Out, o grupo '( - ) UTILIDADES E SERVIÇOS' registrou -R$ 9.400 referente a 'ALUGUEL DE IMOVEIS' (ALUGUEL E CONDOMÍNIOS).;Out;( - ) UTILIDADES E SERVIÇOS;ALUGUEL DE IMOVEIS;-R$ 9.400
Em Mar, o grupo '( - ) UTILIDADES E SERVIÇOS' registrou -R$ 401 referente a 'CONDOMINIO' (ALUGUEL E CONDOMÍNIOS).;Mar;( - ) UTILIDADES E SERVIÇOS;CONDOMINIO;-R$ 401
Em Mai, o grupo '( - ) UTILIDADES E SERVIÇOS' registrou -R$ 102 referente a 'ENERGIA'.;Mai;( - ) UTILIDADES E SERVIÇOS;ENERGIA;-R$ 102
Em Ago, o grupo '( - ) UTILIDADES E SERVIÇOS' registrou -R$ 131 referente a 'ENERGIA'.;Ago;( - ) UTILIDADES E SERVIÇOS;ENERGIA;-R$ 131
Em Jul, o grupo '( - ) UTILIDADES E SERVIÇOS' registrou -R$ 689 referente a 'ENERGIA'.;Jul;( - ) UTILIDADES E SERVIÇOS;ENERGIA;-R$ 689
Em Mar, o grupo '( - ) UTILIDADES E SERVIÇOS' registrou -R$ 919 referente a 'ENERGIA'.;Mar;( - ) UTILIDADES E SERVIÇOS;ENERGIA;-R$ 919
Em Set, o grupo '( - ) UTILIDADES E SERVIÇOS' registrou -R$ 1.156 referente a 'ENERGIA'.;Set;( - ) UTILIDADES E SERVIÇOS;ENERGIA;-R$ 1.156
Em Abr, o grupo '( - ) UTILIDADES E SERVIÇOS' registrou -R$ 1.831 referente a 'ENERGIA'.;Abr;( - ) UTILIDADES E SERVIÇOS;ENERGIA;-R$ 1.831
Em Nov, o grupo '( - ) UTILIDADES E SERVIÇOS' registrou -R$ 1.895 referente a 'ENERGIA'.;Nov;( - ) UTILIDADES E SERVIÇOS;ENERGIA;-R$ 1.895
Em Out, o grupo '( - ) UTILIDADES E SERVIÇOS' registrou -R$ 2.138 referente a 'ENERGIA'.;Out;( - ) UTILIDADES E SERVIÇOS;ENERGIA;-R$ 2.138
Em Ago, o grupo '( - ) UTILIDADES E SERVIÇOS' registrou -R$ 138 referente a 'AGUA E ESGOTO'.;Ago;( - ) UTILIDADES E SERVIÇOS;AGUA E ESGOTO;-R$ 138
Em Dez, o grupo '( - ) UTILIDADES E SERVIÇOS' registrou -R$ 156 referente a 'AGUA E ESGOTO'.;Dez;( - ) UTILIDADES E SERVIÇOS;AGUA E ESGOTO;-R$ 156
Em Jul, o grupo '( - ) UTILIDADES E SERVIÇOS' registrou -R$ 158 referente a 'AGUA E ESGOTO'.;Jul;( - ) UTILIDADES E SERVIÇOS;AGUA E ESGOTO;-R$ 158
Em Out, o grupo '( - ) UTILIDADES E SERVIÇOS' registrou -R$ 179 referente a 'AGUA E ESGOTO'.;Out;( - ) UTILIDADES E SERVIÇOS;AGUA E ESGOTO;-R$ 179
Em Nov, o grupo '( - ) UTILIDADES E SERVIÇOS' registrou -R$ 226 referente a 'AGUA E ESGOTO'.;Nov;( - ) UTILIDADES E SERVIÇOS;AGUA E ESGOTO;-R$ 226
Em Set, o grupo '( - ) UTILIDADES E SERVIÇOS' registrou -R$ 226 referente a 'AGUA E ESGOTO'.;Set;( - ) UTILIDADES E SERVIÇOS;AGUA E ESGOTO;-R$ 226
Em Fev, o grupo '( - ) UTILIDADES E SERVIÇOS' registrou -R$ 67 referente a 'SERVICOS DE TELEFONIA FIXA/INERNET/TV'.;Fev;( - ) UTILIDADES E SERVIÇOS;SERVICOS DE TELEFONIA FIXA/INERNET/TV;-R$ 67
Em Nov, o grupo '( - ) UTILIDADES E SERVIÇOS' registrou -R$ 1.090 referente a 'SERVICOS DE TELEFONIA FIXA/INERNET/TV'.;Nov;( - ) UTILIDADES E SERVIÇOS;SERVICOS DE TELEFONIA FIXA/INERNET/TV;-R$ 1.090
Em Dez, o grupo '( - ) UTILIDADES E SERVIÇOS' registrou -R$ 1.090 referente a 'SERVICOS DE TELEFONIA FIXA/INERNET/TV'.;Dez;( - ) UTILIDADES E SERVIÇOS;SERVICOS DE TELEFONIA FIXA/INERNET/TV;-R$ 1.090
Em Out, o grupo '( - ) UTILIDADES E SERVIÇOS' registrou -R$ 1.188 referente a 'SERVICOS DE TELEFONIA FIXA/INERNET/TV'.;Out;( - ) UTILIDADES E SERVIÇOS;SERVICOS DE TELEFONIA FIXA/INERNET/TV;-R$ 1.188
Em Set, o grupo '( - ) UTILIDADES E SERVIÇOS' registrou -R$ 1.249 referente a 'SERVICOS DE TELEFONIA FIXA/INERNET/TV'.;Set;( - ) UTILIDADES E SERVIÇOS;SERVICOS DE TELEFONIA FIXA/INERNET/TV;-R$ 1.249
Em Jun, o grupo '( - ) UTILIDADES E SERVIÇOS' registrou -R$ 1.310 referente a 'SERVICOS DE TELEFONIA FIXA/INERNET/TV'.;Jun;( - ) UTILIDADES E SERVIÇOS;SERVICOS DE TELEFONIA FIXA/INERNET/TV;-R$ 1.310
Em Ago, o grupo '( - ) UTILIDADES E SERVIÇOS' registrou -R$ 1.579 referente a 'SERVICOS DE TELEFONIA FIXA/INERNET/TV'.;Ago;( - ) UTILIDADES E SERVIÇOS;SERVICOS DE TELEFONIA FIXA/INERNET/TV;-R$ 1.579
Em Abr, o grupo '( - ) UTILIDADES E SERVIÇOS' registrou -R$ 2.292 referente a 'SERVICOS DE TELEFONIA FIXA/INERNET/TV'.;Abr;( - ) UTILIDADES E SERVIÇOS;SERVICOS DE TELEFONIA FIXA/INERNET/TV;-R$ 2.292
Em Jul, o grupo '( - ) UTILIDADES E SERVIÇOS' registrou -R$ 3.392 referente a 'SERVICOS DE TELEFONIA FIXA/INERNET/TV'.;Jul;( - ) UTILIDADES E SERVIÇOS;SERVICOS DE TELEFONIA FIXA/INERNET/TV;-R$ 3.392
Em Jul, o grupo '( - ) UTILIDADES E SERVIÇOS' registrou -R$ 29 referente a 'MANUTENÇÃO DE VEÍCULO'.;Jul;( - ) UTILIDADES E SERVIÇOS;MANUTENÇÃO DE VEÍCULO;-R$ 29
Em Set, o grupo '( - ) UTILIDADES E SERVIÇOS' registrou -R$ 1.898 referente a 'MANUTENÇÃO DE VEÍCULO'.;Set;( - ) UTILIDADES E SERVIÇOS;MANUTENÇÃO DE VEÍCULO;-R$ 1.898
Em Jun, o grupo '( - ) DESPESAS ADMINISTRATIVAS' registrou -R$ 567 referente a 'APÓLICES E SEGUROS'.;Jun;( - ) DESPESAS ADMINISTRATIVAS;APÓLICES E SEGUROS;-R$ 567
Em Mai, o grupo '( - ) DESPESAS ADMINISTRATIVAS' registrou -R$ 1.133 referente a 'APÓLICES E SEGUROS'.;Mai;( - ) DESPESAS ADMINISTRATIVAS;APÓLICES E SEGUROS;-R$ 1.133
Em Jul, o grupo '( - ) DESPESAS ADMINISTRATIVAS' registrou -R$ 2.606 referente a 'APÓLICES E SEGUROS'.;Jul;( - ) DESPESAS ADMINISTRATIVAS;APÓLICES E SEGUROS;-R$ 2.606
Em Ago, o grupo '( - ) DESPESAS ADMINISTRATIVAS' registrou -R$ 4.046 referente a 'APÓLICES E SEGUROS'.;Ago;( - ) DESPESAS ADMINISTRATIVAS;APÓLICES E SEGUROS;-R$ 4.046
Em Dez, o grupo '( - ) DESPESAS ADMINISTRATIVAS' registrou -R$ 4.165 referente a 'APÓLICES E SEGUROS'.;Dez;( - ) DESPESAS ADMINISTRATIVAS;APÓLICES E SEGUROS;-R$ 4.165
Em Set, o grupo '( - ) DESPESAS ADMINISTRATIVAS' registrou -R$ 4.168 referente a 'APÓLICES E SEGUROS'.;Set;( - ) DESPESAS ADMINISTRATIVAS;APÓLICES E SEGUROS;-R$ 4.168
Em Out, o grupo '( - ) DESPESAS ADMINISTRATIVAS' registrou -R$ 4.210 referente a 'APÓLICES E SEGUROS'.;Out;( - ) DESPESAS ADMINISTRATIVAS;APÓLICES E SEGUROS;-R$ 4.210
Em Nov, o grupo '( - ) DESPESAS ADMINISTRATIVAS' registrou -R$ 4.214 referente a 'APÓLICES E SEGUROS'.;Nov;( - ) DESPESAS ADMINISTRATIVAS;APÓLICES E SEGUROS;-R$ 4.214
Em Nov, o grupo '( - ) DESPESAS ADMINISTRATIVAS' registrou -R$ 300 referente a 'MATERIAIS DE INFORMÁTICA'.;Nov;( - ) DESPESAS ADMINISTRATIVAS;MATERIAIS DE INFORMÁTICA;-R$ 300
Em Set, o grupo '( - ) DESPESAS ADMINISTRATIVAS' registrou -R$ 346 referente a 'MATERIAIS DE INFORMÁTICA'.;Set;( - ) DESPESAS ADMINISTRATIVAS;MATERIAIS DE INFORMÁTICA;-R$ 346
Em Jan, o grupo '( - ) DESPESAS ADMINISTRATIVAS' registrou -R$ 763 referente a 'MATERIAIS DE INFORMÁTICA'.;Jan;( - ) DESPESAS ADMINISTRATIVAS;MATERIAIS DE INFORMÁTICA;-R$ 763
Em Fev, o grupo '( - ) DESPESAS ADMINISTRATIVAS' registrou -R$ 1.013 referente a 'MATERIAIS DE INFORMÁTICA'.;Fev;( - ) DESPESAS ADMINISTRATIVAS;MATERIAIS DE INFORMÁTICA;-R$ 1.013
Em Out, o grupo '( - ) DESPESAS ADMINISTRATIVAS' registrou -R$ 1.185 referente a 'MATERIAIS DE INFORMÁTICA'.;Out;( - ) DESPESAS ADMINISTRATIVAS;MATERIAIS DE INFORMÁTICA;-R$ 1.185
Em Jun, o grupo '( - ) DESPESAS ADMINISTRATIVAS' registrou -R$ 1.305 referente a 'MATERIAIS DE INFORMÁTICA'.;Jun;( - ) DESPESAS ADMINISTRATIVAS;MATERIAIS DE INFORMÁTICA;-R$ 1.305
Em Jul, o grupo '( - ) DESPESAS ADMINISTRATIVAS' registrou -R$ 1.702 referente a 'MATERIAIS DE INFORMÁTICA'.;Jul;( - ) DESPESAS ADMINISTRATIVAS;MATERIAIS DE INFORMÁTICA;-R$ 1.702
Em Ago, o grupo '( - ) DESPESAS ADMINISTRATIVAS' registrou -R$ 1.866 referente a 'MATERIAIS DE INFORMÁTICA'.;Ago;( - ) DESPESAS ADMINISTRATIVAS;MATERIAIS DE INFORMÁTICA;-R$ 1.866
Em Mar, o grupo '( - ) DESPESAS ADMINISTRATIVAS' registrou -R$ 6.323 referente a 'MATERIAIS DE INFORMÁTICA'.;Mar;( - ) DESPESAS ADMINISTRATIVAS;MATERIAIS DE INFORMÁTICA;-R$ 6.323
Em Abr, o grupo '( - ) DESPESAS ADMINISTRATIVAS' registrou -R$ 7.522 referente a 'MATERIAIS DE INFORMÁTICA'.;Abr;( - ) DESPESAS ADMINISTRATIVAS;MATERIAIS DE INFORMÁTICA;-R$ 7.522
Em Set, o grupo '( - ) DESPESAS ADMINISTRATIVAS' registrou -R$ 72 referente a 'MATERIAL DE ESCRITORIO'.;Set;( - ) DESPESAS ADMINISTRATIVAS;MATERIAL DE ESCRITORIO;-R$ 72
Em Mar, o grupo '( - ) DESPESAS ADMINISTRATIVAS' registrou -R$ 340 referente a 'MATERIAL DE ESCRITORIO'.;Mar;( - ) DESPESAS ADMINISTRATIVAS;MATERIAL DE ESCRITORIO;-R$ 340
Em Mai, o grupo '( - ) DESPESAS ADMINISTRATIVAS' registrou -R$ 432 referente a 'MATERIAL DE ESCRITORIO'.;Mai;( - ) DESPESAS ADMINISTRATIVAS;MATERIAL DE ESCRITORIO;-R$ 432
Em Dez, o grupo '( - ) DESPESAS ADMINISTRATIVAS' registrou -R$ 452 referente a 'MATERIAL DE ESCRITORIO'.;Dez;( - ) DESPESAS ADMINISTRATIVAS;MATERIAL DE ESCRITORIO;-R$ 452
Em Nov, o grupo '( - ) DESPESAS ADMINISTRATIVAS' registrou -R$ 455 referente a 'MATERIAL DE ESCRITORIO'.;Nov;( - ) DESPESAS ADMINISTRATIVAS;MATERIAL DE ESCRITORIO;-R$ 455
Em Jan, o grupo '( - ) DESPESAS ADMINISTRATIVAS' registrou -R$ 508 referente a 'MATERIAL DE ESCRITORIO'.;Jan;( - ) DESPESAS ADMINISTRATIVAS;MATERIAL DE ESCRITORIO;-R$ 508
Em Fev, o grupo '( - ) DESPESAS ADMINISTRATIVAS' registrou -R$ 597 referente a 'MATERIAL DE ESCRITORIO'.;Fev;( - ) DESPESAS ADMINISTRATIVAS;MATERIAL DE ESCRITORIO;-R$ 597
Em Jul, o grupo '( - ) DESPESAS ADMINISTRATIVAS' registrou -R$ 908 referente a 'MATERIAL DE ESCRITORIO'.;Jul;( - ) DESPESAS ADMINISTRATIVAS;MATERIAL DE ESCRITORIO;-R$ 908
Em Out, o grupo '( - ) DESPESAS ADMINISTRATIVAS' registrou -R$ 1.000 referente a 'MATERIAL DE ESCRITORIO'.;Out;( - ) DESPESAS ADMINISTRATIVAS;MATERIAL DE ESCRITORIO;-R$ 1.000
Em Jun, o grupo '( - ) DESPESAS ADMINISTRATIVAS' registrou -R$ 1.365 referente a 'MATERIAL DE ESCRITORIO'.;Jun;( - ) DESPESAS ADMINISTRATIVAS;MATERIAL DE ESCRITORIO;-R$ 1.365
Em Abr, o grupo '( - ) DESPESAS ADMINISTRATIVAS' registrou -R$ 1.410 referente a 'MATERIAL DE ESCRITORIO'.;Abr;( - ) DESPESAS ADMINISTRATIVAS;MATERIAL DE ESCRITORIO;-R$ 1.410
Em Ago, o grupo '( - ) DESPESAS ADMINISTRATIVAS' registrou -R$ 2.310 referente a 'MATERIAL DE ESCRITORIO'.;Ago;( - ) DESPESAS ADMINISTRATIVAS;MATERIAL DE ESCRITORIO;-R$ 2.310
Em Out, o grupo '( - ) CUSTOS VARIÁVEIS' registrou -R$ 25 referente a 'MATERIAIS DE USO E CONSUMO'.;Out;( - ) CUSTOS VARIÁVEIS;MATERIAIS DE USO E CONSUMO;-R$ 25
Em Fev, o grupo '( - ) CUSTOS VARIÁVEIS' registrou -R$ 38 referente a 'MATERIAIS DE USO E CONSUMO'.;Fev;( - ) CUSTOS VARIÁVEIS;MATERIAIS DE USO E CONSUMO;-R$ 38
Em Ago, o grupo '( - ) CUSTOS VARIÁVEIS' registrou -R$ 41 referente a 'MATERIAIS DE USO E CONSUMO'.;Ago;( - ) CUSTOS VARIÁVEIS;MATERIAIS DE USO E CONSUMO;-R$ 41
Em Mai, o grupo '( - ) CUSTOS VARIÁVEIS' registrou -R$ 63 referente a 'MATERIAIS DE USO E CONSUMO'.;Mai;( - ) CUSTOS VARIÁVEIS;MATERIAIS DE USO E CONSUMO;-R$ 63
Em Jun, o grupo '( - ) CUSTOS VARIÁVEIS' registrou -R$ 63 referente a 'MATERIAIS DE USO E CONSUMO'.;Jun;( - ) CUSTOS VARIÁVEIS;MATERIAIS DE USO E CONSUMO;-R$ 63
Em Dez, o grupo '( - ) CUSTOS VARIÁVEIS' registrou -R$ 118 referente a 'MATERIAIS DE USO E CONSUMO'.;Dez;( - ) CUSTOS VARIÁVEIS;MATERIAIS DE USO E CONSUMO;-R$ 118
Em Abr, o grupo '( - ) CUSTOS VARIÁVEIS' registrou -R$ 14 referente a 'MATERIAIS DE LIMPEZA / HIGIENE'.;Abr;( - ) CUSTOS VARIÁVEIS;MATERIAIS DE LIMPEZA / HIGIENE;-R$ 14
Em Jun, o grupo '( - ) CUSTOS VARIÁVEIS' registrou -R$ 24 referente a 'MATERIAIS DE LIMPEZA / HIGIENE'.;Jun;( - ) CUSTOS VARIÁVEIS;MATERIAIS DE LIMPEZA / HIGIENE;-R$ 24
Em Ago, o grupo '( - ) CUSTOS VARIÁVEIS' registrou -R$ 33 referente a 'MATERIAIS DE LIMPEZA / HIGIENE'.;Ago;( - ) CUSTOS VARIÁVEIS;MATERIAIS DE LIMPEZA / HIGIENE;-R$ 33
Em Jul, o grupo '( - ) CUSTOS VARIÁVEIS' registrou -R$ 118 referente a 'MATERIAIS DE LIMPEZA / HIGIENE'.;Jul;( - ) CUSTOS VARIÁVEIS;MATERIAIS DE LIMPEZA / HIGIENE;-R$ 118
Em Mai, o grupo '( - ) CUSTOS VARIÁVEIS' registrou -R$ 200 referente a 'MATERIAIS DE LIMPEZA / HIGIENE'.;Mai;( - ) CUSTOS VARIÁVEIS;MATERIAIS DE LIMPEZA / HIGIENE;-R$ 200
Em Nov, o grupo '( - ) CUSTOS VARIÁVEIS' registrou -R$ 726 referente a 'MATERIAIS DE LIMPEZA / HIGIENE'.;Nov;( - ) CUSTOS VARIÁVEIS;MATERIAIS DE LIMPEZA / HIGIENE;-R$ 726
Em Set, o grupo '( - ) CUSTOS VARIÁVEIS' registrou -R$ 220 referente a 'LOCACAO DE MAQUINAS EQUIPAMENTOS'.;Set;( - ) CUSTOS VARIÁVEIS;LOCACAO DE MAQUINAS EQUIPAMENTOS;-R$ 220
Em Ago, o grupo '( - ) CUSTOS VARIÁVEIS' registrou -R$ 550 referente a 'LOCACAO DE MAQUINAS EQUIPAMENTOS'.;Ago;( - ) CUSTOS VARIÁVEIS;LOCACAO DE MAQUINAS EQUIPAMENTOS;-R$ 550
Em Fev, o grupo '( - ) UTILIDADES E SERVIÇOS' registrou -R$ 250 referente a 'AR CONDICIONADO'.;Fev;( - ) UTILIDADES E SERVIÇOS;AR CONDICIONADO;-R$ 250
Em Abr, o grupo '( - ) UTILIDADES E SERVIÇOS' registrou -R$ 300 referente a 'AR CONDICIONADO'.;Abr;( - ) UTILIDADES E SERVIÇOS;AR CONDICIONADO;-R$ 300
Em Mai, o grupo '( - ) UTILIDADES E SERVIÇOS' registrou -R$ 300 referente a 'AR CONDICIONADO'.;Mai;( - ) UTILIDADES E SERVIÇOS;AR CONDICIONADO;-R$ 300
Em Mar, o grupo '( - ) UTILIDADES E SERVIÇOS' registrou -R$ 320 referente a 'AR CONDICIONADO'.;Mar;( - ) UTILIDADES E SERVIÇOS;AR CONDICIONADO;-R$ 320
Em Dez, o grupo '( - ) DESPESAS ADMINISTRATIVAS' registrou -R$ 137 referente a 'DEPESAS VIAGEM/HOSPEDAGEM/ALIMENTAÇÃO'.;Dez;( - ) DESPESAS ADMINISTRATIVAS;DEPESAS VIAGEM/HOSPEDAGEM/ALIMENTAÇÃO;-R$ 137
Em Ago, o grupo '( - ) DESPESAS ADMINISTRATIVAS' registrou -R$ 358 referente a 'DEPESAS VIAGEM/HOSPEDAGEM/ALIMENTAÇÃO'.;Ago;( - ) DESPESAS ADMINISTRATIVAS;DEPESAS VIAGEM/HOSPEDAGEM/ALIMENTAÇÃO;-R$ 358
Em Set, o grupo '( - ) DESPESAS ADMINISTRATIVAS' registrou -R$ 358 referente a 'DEPESAS VIAGEM/HOSPEDAGEM/ALIMENTAÇÃO'.;Set;( - ) DESPESAS ADMINISTRATIVAS;DEPESAS VIAGEM/HOSPEDAGEM/ALIMENTAÇÃO;-R$ 358
Em Nov, o grupo '( - ) DESPESAS ADMINISTRATIVAS' registrou -R$ 684 referente a 'DEPESAS VIAGEM/HOSPEDAGEM/ALIMENTAÇÃO'.;Nov;( - ) DESPESAS ADMINISTRATIVAS;DEPESAS VIAGEM/HOSPEDAGEM/ALIMENTAÇÃO;-R$ 684
Em Jul, o grupo '( - ) DESPESAS ADMINISTRATIVAS' registrou -R$ 1.074 referente a 'DEPESAS VIAGEM/HOSPEDAGEM/ALIMENTAÇÃO'.;Jul;( - ) DESPESAS ADMINISTRATIVAS;DEPESAS VIAGEM/HOSPEDAGEM/ALIMENTAÇÃO;-R$ 1.074
Em Out, o grupo '( - ) DESPESAS ADMINISTRATIVAS' registrou -R$ 4.416 referente a 'DEPESAS VIAGEM/HOSPEDAGEM/ALIMENTAÇÃO'.;Out;( - ) DESPESAS ADMINISTRATIVAS;DEPESAS VIAGEM/HOSPEDAGEM/ALIMENTAÇÃO;-R$ 4.416
Em Mar, o grupo '( - ) CUSTOS VARIÁVEIS' registrou -R$ 240 referente a 'SERVIÇOS DE LIMPEZA'.;Mar;( - ) CUSTOS VARIÁVEIS;SERVIÇOS DE LIMPEZA;-R$ 240
Em Abr, o grupo '( - ) CUSTOS VARIÁVEIS' registrou -R$ 360 referente a 'SERVIÇOS DE LIMPEZA'.;Abr;( - ) CUSTOS VARIÁVEIS;SERVIÇOS DE LIMPEZA;-R$ 360
Em Fev, o grupo '( - ) CUSTOS VARIÁVEIS' registrou -R$ 10.000 referente a 'SERVIÇOS DE LIMPEZA'.;Fev;( - ) CUSTOS VARIÁVEIS;SERVIÇOS DE LIMPEZA;-R$ 10.000
Em Out, o grupo '( - ) SERVIÇOS DE TERCEIROS' registrou -R$ 1.800 referente a 'HONORÁRIOS ADVOCATICIOS'.;Out;( - ) SERVIÇOS DE TERCEIROS;HONORÁRIOS ADVOCATICIOS;-R$ 1.800
Em Dez, o grupo '( - ) SERVIÇOS DE TERCEIROS' registrou -R$ 1.800 referente a 'HONORÁRIOS ADVOCATICIOS'.;Dez;( - ) SERVIÇOS DE TERCEIROS;HONORÁRIOS ADVOCATICIOS;-R$ 1.800
Em Nov, o grupo '( - ) SERVIÇOS DE TERCEIROS' registrou -R$ 1.800 referente a 'HONORÁRIOS ADVOCATICIOS'.;Nov;( - ) SERVIÇOS DE TERCEIROS;HONORÁRIOS ADVOCATICIOS;-R$ 1.800
Em Jun, o grupo '( - ) SERVIÇOS DE TERCEIROS' registrou -R$ 1.800 referente a 'HONORÁRIOS ADVOCATICIOS'.;Jun;( - ) SERVIÇOS DE TERCEIROS;HONORÁRIOS ADVOCATICIOS;-R$ 1.800
Em Mai, o grupo '( - ) SERVIÇOS DE TERCEIROS' registrou -R$ 1.800 referente a 'HONORÁRIOS ADVOCATICIOS'.;Mai;( - ) SERVIÇOS DE TERCEIROS;HONORÁRIOS ADVOCATICIOS;-R$ 1.800
Em Set, o grupo '( - ) SERVIÇOS DE TERCEIROS' registrou -R$ 1.800 referente a 'HONORÁRIOS ADVOCATICIOS'.;Set;( - ) SERVIÇOS DE TERCEIROS;HONORÁRIOS ADVOCATICIOS;-R$ 1.800
Em Abr, o grupo '( - ) SERVIÇOS DE TERCEIROS' registrou -R$ 1.501 referente a 'SISTEMAS E SOFTWARES'.;Abr;( - ) SERVIÇOS DE TERCEIROS;SISTEMAS E SOFTWARES;-R$ 1.501
Em Mai, o grupo '( - ) SERVIÇOS DE TERCEIROS' registrou -R$ 2.083 referente a 'SISTEMAS E SOFTWARES'.;Mai;( - ) SERVIÇOS DE TERCEIROS;SISTEMAS E SOFTWARES;-R$ 2.083
Em Mar, o grupo '( - ) SERVIÇOS DE TERCEIROS' registrou -R$ 2.302 referente a 'SISTEMAS E SOFTWARES'.;Mar;( - ) SERVIÇOS DE TERCEIROS;SISTEMAS E SOFTWARES;-R$ 2.302
Em Nov, o grupo '( - ) SERVIÇOS DE TERCEIROS' registrou -R$ 2.602 referente a 'SISTEMAS E SOFTWARES'.;Nov;( - ) SERVIÇOS DE TERCEIROS;SISTEMAS E SOFTWARES;-R$ 2.602
Em Out, o grupo '( - ) SERVIÇOS DE TERCEIROS' registrou -R$ 4.266 referente a 'SISTEMAS E SOFTWARES'.;Out;( - ) SERVIÇOS DE TERCEIROS;SISTEMAS E SOFTWARES;-R$ 4.266
Em Jul, o grupo '( - ) SERVIÇOS DE TERCEIROS' registrou -R$ 5.412 referente a 'SISTEMAS E SOFTWARES'.;Jul;( - ) SERVIÇOS DE TERCEIROS;SISTEMAS E SOFTWARES;-R$ 5.412
Em Ago, o grupo '( - ) SERVIÇOS DE TERCEIROS' registrou -R$ 5.790 referente a 'SISTEMAS E SOFTWARES'.;Ago;( - ) SERVIÇOS DE TERCEIROS;SISTEMAS E SOFTWARES;-R$ 5.790
Em Set, o grupo '( - ) SERVIÇOS DE TERCEIROS' registrou -R$ 5.871 referente a 'SISTEMAS E SOFTWARES'.;Set;( - ) SERVIÇOS DE TERCEIROS;SISTEMAS E SOFTWARES;-R$ 5.871
Em Dez, o grupo '( - ) SERVIÇOS DE TERCEIROS' registrou -R$ 7.355 referente a 'SISTEMAS E SOFTWARES'.;Dez;( - ) SERVIÇOS DE TERCEIROS;SISTEMAS E SOFTWARES;-R$ 7.355
Em Jun, o grupo '( - ) SERVIÇOS DE TERCEIROS' registrou -R$ 9.950 referente a 'SISTEMAS E SOFTWARES'.;Jun;( - ) SERVIÇOS DE TERCEIROS;SISTEMAS E SOFTWARES;-R$ 9.950
Em Jul, o grupo '( - ) SERVIÇOS DE TERCEIROS' registrou -R$ 100 referente a 'SERVIÇOS DE MONITORAMENTO E SEGURANÇA'.;Jul;( - ) SERVIÇOS DE TERCEIROS;SERVIÇOS DE MONITORAMENTO E SEGURANÇA;-R$ 100
Em Mar, o grupo '( - ) SERVIÇOS DE TERCEIROS' registrou -R$ 156 referente a 'SERVIÇOS DE MONITORAMENTO E SEGURANÇA'.;Mar;( - ) SERVIÇOS DE TERCEIROS;SERVIÇOS DE MONITORAMENTO E SEGURANÇA;-R$ 156
Em Abr, o grupo '( - ) SERVIÇOS DE TERCEIROS' registrou -R$ 157 referente a 'SERVIÇOS DE MONITORAMENTO E SEGURANÇA'.;Abr;( - ) SERVIÇOS DE TERCEIROS;SERVIÇOS DE MONITORAMENTO E SEGURANÇA;-R$ 157
Em Fev, o grupo '( - ) SERVIÇOS DE TERCEIROS' registrou -R$ 280 referente a 'SERVIÇOS DE MONITORAMENTO E SEGURANÇA'.;Fev;( - ) SERVIÇOS DE TERCEIROS;SERVIÇOS DE MONITORAMENTO E SEGURANÇA;-R$ 280
Em Mai, o grupo '( - ) SERVIÇOS DE TERCEIROS' registrou -R$ 2.500 referente a 'CONSULTORIA FINANCEIRA'.;Mai;( - ) SERVIÇOS DE TERCEIROS;CONSULTORIA FINANCEIRA;-R$ 2.500
Em Jan, o grupo '( - ) SERVIÇOS DE TERCEIROS' registrou -R$ 2.500 referente a 'CONSULTORIA FINANCEIRA'.;Jan;( - ) SERVIÇOS DE TERCEIROS;CONSULTORIA FINANCEIRA;-R$ 2.500
Em Fev, o grupo '( - ) SERVIÇOS DE TERCEIROS' registrou -R$ 2.500 referente a 'CONSULTORIA FINANCEIRA'.;Fev;( - ) SERVIÇOS DE TERCEIROS;CONSULTORIA FINANCEIRA;-R$ 2.500
Em Mar, o grupo '( - ) SERVIÇOS DE TERCEIROS' registrou -R$ 2.500 referente a 'CONSULTORIA FINANCEIRA'.;Mar;( - ) SERVIÇOS DE TERCEIROS;CONSULTORIA FINANCEIRA;-R$ 2.500
Em Dez, o grupo '( - ) SERVIÇOS DE TERCEIROS' registrou -R$ 198.000 referente a 'CONSULTORIA FINANCEIRA'.;Dez;( - ) SERVIÇOS DE TERCEIROS;CONSULTORIA FINANCEIRA;-R$ 198.000
Em Fev, o grupo '( - ) CUSTOS VARIÁVEIS' registrou -R$ 10 referente a 'FRETES E ESTACIONAMENTO'.;Fev;( - ) CUSTOS VARIÁVEIS;FRETES E ESTACIONAMENTO;-R$ 10
Em Abr, o grupo '( - ) CUSTOS VARIÁVEIS' registrou -R$ 44 referente a 'FRETES E ESTACIONAMENTO'.;Abr;( - ) CUSTOS VARIÁVEIS;FRETES E ESTACIONAMENTO;-R$ 44
Em Mai, o grupo '( - ) CUSTOS VARIÁVEIS' registrou -R$ 49 referente a 'FRETES E ESTACIONAMENTO'.;Mai;( - ) CUSTOS VARIÁVEIS;FRETES E ESTACIONAMENTO;-R$ 49
Em Jan, o grupo '( - ) CUSTOS VARIÁVEIS' registrou -R$ 69 referente a 'FRETES E ESTACIONAMENTO'.;Jan;( - ) CUSTOS VARIÁVEIS;FRETES E ESTACIONAMENTO;-R$ 69
Em Set, o grupo '( - ) CUSTOS VARIÁVEIS' registrou -R$ 197 referente a 'FRETES E ESTACIONAMENTO'.;Set;( - ) CUSTOS VARIÁVEIS;FRETES E ESTACIONAMENTO;-R$ 197
Em Jul, o grupo '( - ) CUSTOS VARIÁVEIS' registrou -R$ 291 referente a 'FRETES E ESTACIONAMENTO'.;Jul;( - ) CUSTOS VARIÁVEIS;FRETES E ESTACIONAMENTO;-R$ 291
Em Out, o grupo '( - ) CUSTOS VARIÁVEIS' registrou -R$ 300 referente a 'FRETES E ESTACIONAMENTO'.;Out;( - ) CUSTOS VARIÁVEIS;FRETES E ESTACIONAMENTO;-R$ 300
Em Ago, o grupo '( - ) CUSTOS VARIÁVEIS' registrou -R$ 516 referente a 'FRETES E ESTACIONAMENTO'.;Ago;( - ) CUSTOS VARIÁVEIS;FRETES E ESTACIONAMENTO;-R$ 516
Em Ago, o grupo '( - ) SERVIÇOS DE TERCEIROS' registrou -R$ 11 referente a 'SERVICOS TERCEIROS PF/PJ'.;Ago;( - ) SERVIÇOS DE TERCEIROS;SERVICOS TERCEIROS PF/PJ;-R$ 11
Em Jan, o grupo '( - ) SERVIÇOS DE TERCEIROS' registrou -R$ 1.976 referente a 'SERVICOS TERCEIROS PF/PJ'.;Jan;( - ) SERVIÇOS DE TERCEIROS;SERVICOS TERCEIROS PF/PJ;-R$ 1.976
Em Abr, o grupo '( - ) SERVIÇOS DE TERCEIROS' registrou -R$ 1.976 referente a 'SERVICOS TERCEIROS PF/PJ'.;Abr;( - ) SERVIÇOS DE TERCEIROS;SERVICOS TERCEIROS PF/PJ;-R$ 1.976
Em Mar, o grupo '( - ) SERVIÇOS DE TERCEIROS' registrou -R$ 2.056 referente a 'SERVICOS TERCEIROS PF/PJ'.;Mar;( - ) SERVIÇOS DE TERCEIROS;SERVICOS TERCEIROS PF/PJ;-R$ 2.056
Em Fev, o grupo '( - ) SERVIÇOS DE TERCEIROS' registrou -R$ 2.276 referente a 'SERVICOS TERCEIROS PF/PJ'.;Fev;( - ) SERVIÇOS DE TERCEIROS;SERVICOS TERCEIROS PF/PJ;-R$ 2.276
Em Dez, o grupo '( - ) SERVIÇOS DE TERCEIROS' registrou -R$ 4.500 referente a 'SERVICOS TERCEIROS PF/PJ'.;Dez;( - ) SERVIÇOS DE TERCEIROS;SERVICOS TERCEIROS PF/PJ;-R$ 4.500
Em Jul, o grupo '( - ) SERVIÇOS DE TERCEIROS' registrou -R$ 4.600 referente a 'SERVICOS TERCEIROS PF/PJ'.;Jul;( - ) SERVIÇOS DE TERCEIROS;SERVICOS TERCEIROS PF/PJ;-R$ 4.600
Em Set, o grupo '( - ) SERVIÇOS DE TERCEIROS' registrou -R$ 6.329 referente a 'SERVICOS TERCEIROS PF/PJ'.;Set;( - ) SERVIÇOS DE TERCEIROS;SERVICOS TERCEIROS PF/PJ;-R$ 6.329
Em Nov, o grupo '( - ) SERVIÇOS DE TERCEIROS' registrou -R$ 12.250 referente a 'SERVICOS TERCEIROS PF/PJ'.;Nov;( - ) SERVIÇOS DE TERCEIROS;SERVICOS TERCEIROS PF/PJ;-R$ 12.250
Em Dez, o grupo 'nan' registrou -R$ 3.750 referente a 'CONSULTORIA EXPASAO'.;Dez;;CONSULTORIA EXPASAO;-R$ 3.750
Em Out, o grupo 'nan' registrou -R$ 3.750 referente a 'CONSULTORIA EXPASAO'.;Out;;CONSULTORIA EXPASAO;-R$ 3.750
Em Set, o grupo 'nan' registrou -R$ 3.750 referente a 'CONSULTORIA EXPASAO'.;Set;;CONSULTORIA EXPASAO;-R$ 3.750
Em Abr, o grupo 'nan' registrou -R$ 3.750 referente a 'CONSULTORIA EXPASAO'.;Abr;;CONSULTORIA EXPASAO;-R$ 3.750
Em Nov, o grupo 'nan' registrou -R$ 3.750 referente a 'CONSULTORIA EXPASAO'.;Nov;;CONSULTORIA EXPASAO;-R$ 3.750
Em Mar, o grupo 'nan' registrou -R$ 3.750 referente a 'CONSULTORIA EXPASAO'.;Mar;;CONSULTORIA EXPASAO;-R$ 3.750
Em Ago, o grupo 'nan' registrou -R$ 3.750 referente a 'CONSULTORIA EXPASAO'.;Ago;;CONSULTORIA EXPASAO;-R$ 3.750
Em Jul, o grupo 'nan' registrou -R$ 3.750 referente a 'CONSULTORIA EXPASAO'.;Jul;;CONSULTORIA EXPASAO;-R$ 3.750
Em Mai, o grupo 'nan' registrou -R$ 4.700 referente a 'CONSULTORIA EXPASAO'.;Mai;;CONSULTORIA EXPASAO;-R$ 4.700
Em Jun, o grupo 'nan' registrou -R$ 8.450 referente a 'CONSULTORIA EXPASAO'.;Jun;;CONSULTORIA EXPASAO;-R$ 8.450
Em Fev, o grupo '( - ) DESPESAS ADMINISTRATIVAS' registrou -R$ 271 referente a 'ASSINATURAS E ANUIDADES'.;Fev;( - ) DESPESAS ADMINISTRATIVAS;ASSINATURAS E ANUIDADES;-R$ 271
Em Mar, o grupo '( - ) DESPESAS ADMINISTRATIVAS' registrou -R$ 277 referente a 'ASSINATURAS E ANUIDADES'.;Mar;( - ) DESPESAS ADMINISTRATIVAS;ASSINATURAS E ANUIDADES;-R$ 277
Em Abr, o grupo '( - ) DESPESAS ADMINISTRATIVAS' registrou -R$ 373 referente a 'ASSINATURAS E ANUIDADES'.;Abr;( - ) DESPESAS ADMINISTRATIVAS;ASSINATURAS E ANUIDADES;-R$ 373
Em Mai, o grupo '( - ) DESPESAS ADMINISTRATIVAS' registrou -R$ 634 referente a 'ASSINATURAS E ANUIDADES'.;Mai;( - ) DESPESAS ADMINISTRATIVAS;ASSINATURAS E ANUIDADES;-R$ 634
Em Ago, o grupo '( - ) DESPESAS ADMINISTRATIVAS' registrou -R$ 926 referente a 'ASSINATURAS E ANUIDADES'.;Ago;( - ) DESPESAS ADMINISTRATIVAS;ASSINATURAS E ANUIDADES;-R$ 926
Em Dez, o grupo '( - ) DESPESAS ADMINISTRATIVAS' registrou -R$ 1.144 referente a 'ASSINATURAS E ANUIDADES'.;Dez;( - ) DESPESAS ADMINISTRATIVAS;ASSINATURAS E ANUIDADES;-R$ 1.144
Em Jun, o grupo '( - ) DESPESAS ADMINISTRATIVAS' registrou -R$ 2.630 referente a 'ASSINATURAS E ANUIDADES'.;Jun;( - ) DESPESAS ADMINISTRATIVAS;ASSINATURAS E ANUIDADES;-R$ 2.630
Em Jul, o grupo '( - ) DESPESAS ADMINISTRATIVAS' registrou -R$ 3.398 referente a 'ASSINATURAS E ANUIDADES'.;Jul;( - ) DESPESAS ADMINISTRATIVAS;ASSINATURAS E ANUIDADES;-R$ 3.398
Em Set, o grupo '( - ) DESPESAS ADMINISTRATIVAS' registrou -R$ 5.895 referente a 'ASSINATURAS E ANUIDADES'.;Set;( - ) DESPESAS ADMINISTRATIVAS;ASSINATURAS E ANUIDADES;-R$ 5.895
Em Out, o grupo '( - ) DESPESAS ADMINISTRATIVAS' registrou -R$ 7.117 referente a 'ASSINATURAS E ANUIDADES'.;Out;( - ) DESPESAS ADMINISTRATIVAS;ASSINATURAS E ANUIDADES;-R$ 7.117
Em Nov, o grupo '( - ) DESPESAS ADMINISTRATIVAS' registrou -R$ 7.322 referente a 'ASSINATURAS E ANUIDADES'.;Nov;( - ) DESPESAS ADMINISTRATIVAS;ASSINATURAS E ANUIDADES;-R$ 7.322
Em Fev, o grupo '( - ) DESPESAS ADMINISTRATIVAS' registrou -R$ 179 referente a 'BENS DE PEQUENO VALOR'.;Fev;( - ) DESPESAS ADMINISTRATIVAS;BENS DE PEQUENO VALOR;-R$ 179
Em Mar, o grupo '( - ) DESPESAS ADMINISTRATIVAS' registrou -R$ 1.236 referente a 'BENS DE PEQUENO VALOR'.;Mar;( - ) DESPESAS ADMINISTRATIVAS;BENS DE PEQUENO VALOR;-R$ 1.236
Em Mar, o grupo '( - ) DESPESAS ADMINISTRATIVAS' registrou -R$ 71 referente a 'DESPESAS COM UBER/POP/INDRIVER'.;Mar;( - ) DESPESAS ADMINISTRATIVAS;DESPESAS COM UBER/POP/INDRIVER;-R$ 71
Em Set, o grupo '( - ) DESPESAS ADMINISTRATIVAS' registrou -R$ 145 referente a 'DESPESAS COM UBER/POP/INDRIVER'.;Set;( - ) DESPESAS ADMINISTRATIVAS;DESPESAS COM UBER/POP/INDRIVER;-R$ 145
Em Out, o grupo '( - ) DESPESAS ADMINISTRATIVAS' registrou -R$ 1.761 referente a 'DESPESAS COM UBER/POP/INDRIVER'.;Out;( - ) DESPESAS ADMINISTRATIVAS;DESPESAS COM UBER/POP/INDRIVER;-R$ 1.761
Em Nov, o grupo '( - ) DESPESAS ADMINISTRATIVAS' registrou -R$ 2.781 referente a 'DESPESAS COM UBER/POP/INDRIVER'.;Nov;( - ) DESPESAS ADMINISTRATIVAS;DESPESAS COM UBER/POP/INDRIVER;-R$ 2.781
Em Ago, o grupo '( - ) DESPESAS ADMINISTRATIVAS' registrou -R$ 3.051 referente a 'DESPESAS COM UBER/POP/INDRIVER'.;Ago;( - ) DESPESAS ADMINISTRATIVAS;DESPESAS COM UBER/POP/INDRIVER;-R$ 3.051
Em Jan, o grupo '( - ) DESPESAS ADMINISTRATIVAS' registrou -R$ 3.192 referente a 'DESPESAS COM UBER/POP/INDRIVER'.;Jan;( - ) DESPESAS ADMINISTRATIVAS;DESPESAS COM UBER/POP/INDRIVER;-R$ 3.192
Em Jul, o grupo '( - ) DESPESAS ADMINISTRATIVAS' registrou -R$ 3.501 referente a 'DESPESAS COM UBER/POP/INDRIVER'.;Jul;( - ) DESPESAS ADMINISTRATIVAS;DESPESAS COM UBER/POP/INDRIVER;-R$ 3.501
Em Mai, o grupo '( - ) DESPESAS ADMINISTRATIVAS' registrou -R$ 4.282 referente a 'DESPESAS COM UBER/POP/INDRIVER'.;Mai;( - ) DESPESAS ADMINISTRATIVAS;DESPESAS COM UBER/POP/INDRIVER;-R$ 4.282
Em Jun, o grupo '( - ) DESPESAS ADMINISTRATIVAS' registrou -R$ 4.293 referente a 'DESPESAS COM UBER/POP/INDRIVER'.;Jun;( - ) DESPESAS ADMINISTRATIVAS;DESPESAS COM UBER/POP/INDRIVER;-R$ 4.293
Em Abr, o grupo '( - ) DESPESAS ADMINISTRATIVAS' registrou -R$ 4.463 referente a 'DESPESAS COM UBER/POP/INDRIVER'.;Abr;( - ) DESPESAS ADMINISTRATIVAS;DESPESAS COM UBER/POP/INDRIVER;-R$ 4.463
Em Dez, o grupo '( - ) DESPESAS ADMINISTRATIVAS' registrou -R$ 4.901 referente a 'DESPESAS COM UBER/POP/INDRIVER'.;Dez;( - ) DESPESAS ADMINISTRATIVAS;DESPESAS COM UBER/POP/INDRIVER;-R$ 4.901
Em Fev, o grupo '( - ) DESPESAS ADMINISTRATIVAS' registrou -R$ 7.609 referente a 'DESPESAS COM UBER/POP/INDRIVER'.;Fev;( - ) DESPESAS ADMINISTRATIVAS;DESPESAS COM UBER/POP/INDRIVER;-R$ 7.609
Em Nov, o grupo '( - ) DESPESAS ADMINISTRATIVAS' registrou -R$ 2 referente a 'DESPESA POSTAL'.;Nov;( - ) DESPESAS ADMINISTRATIVAS;DESPESA POSTAL;-R$ 2
Em Dez, o grupo '( - ) DESPESAS ADMINISTRATIVAS' registrou -R$ 2 referente a 'DESPESA POSTAL'.;Dez;( - ) DESPESAS ADMINISTRATIVAS;DESPESA POSTAL;-R$ 2
Em Out, o grupo '( - ) DESPESAS ADMINISTRATIVAS' registrou -R$ 2 referente a 'DESPESA POSTAL'.;Out;( - ) DESPESAS ADMINISTRATIVAS;DESPESA POSTAL;-R$ 2
Em Ago, o grupo '( - ) DESPESAS ADMINISTRATIVAS' registrou -R$ 39 referente a 'DESPESA POSTAL'.;Ago;( - ) DESPESAS ADMINISTRATIVAS;DESPESA POSTAL;-R$ 39
Em Abr, o grupo '( - ) CUSTOS VARIÁVEIS' registrou -R$ 783 referente a 'FROTA - COMBUSTIVEL / MANUTENÇÃO'.;Abr;( - ) CUSTOS VARIÁVEIS;FROTA - COMBUSTIVEL / MANUTENÇÃO;-R$ 783
Em Ago, o grupo '( - ) CUSTOS VARIÁVEIS' registrou -R$ 1.141 referente a 'FROTA - COMBUSTIVEL / MANUTENÇÃO'.;Ago;( - ) CUSTOS VARIÁVEIS;FROTA - COMBUSTIVEL / MANUTENÇÃO;-R$ 1.141
Em Dez, o grupo '( - ) CUSTOS VARIÁVEIS' registrou -R$ 1.206 referente a 'FROTA - COMBUSTIVEL / MANUTENÇÃO'.;Dez;( - ) CUSTOS VARIÁVEIS;FROTA - COMBUSTIVEL / MANUTENÇÃO;-R$ 1.206
Em Jun, o grupo '( - ) CUSTOS VARIÁVEIS' registrou -R$ 1.612 referente a 'FROTA - COMBUSTIVEL / MANUTENÇÃO'.;Jun;( - ) CUSTOS VARIÁVEIS;FROTA - COMBUSTIVEL / MANUTENÇÃO;-R$ 1.612
Em Jan, o grupo '( - ) CUSTOS VARIÁVEIS' registrou -R$ 2.213 referente a 'FROTA - COMBUSTIVEL / MANUTENÇÃO'.;Jan;( - ) CUSTOS VARIÁVEIS;FROTA - COMBUSTIVEL / MANUTENÇÃO;-R$ 2.213
Em Mar, o grupo '( - ) CUSTOS VARIÁVEIS' registrou -R$ 2.246 referente a 'FROTA - COMBUSTIVEL / MANUTENÇÃO'.;Mar;( - ) CUSTOS VARIÁVEIS;FROTA - COMBUSTIVEL / MANUTENÇÃO;-R$ 2.246
Em Fev, o grupo '( - ) CUSTOS VARIÁVEIS' registrou -R$ 2.320 referente a 'FROTA - COMBUSTIVEL / MANUTENÇÃO'.;Fev;( - ) CUSTOS VARIÁVEIS;FROTA - COMBUSTIVEL / MANUTENÇÃO;-R$ 2.320
Em Set, o grupo '( - ) CUSTOS VARIÁVEIS' registrou -R$ 3.094 referente a 'FROTA - COMBUSTIVEL / MANUTENÇÃO'.;Set;( - ) CUSTOS VARIÁVEIS;FROTA - COMBUSTIVEL / MANUTENÇÃO;-R$ 3.094
Em Out, o grupo '( - ) CUSTOS VARIÁVEIS' registrou -R$ 3.267 referente a 'FROTA - COMBUSTIVEL / MANUTENÇÃO'.;Out;( - ) CUSTOS VARIÁVEIS;FROTA - COMBUSTIVEL / MANUTENÇÃO;-R$ 3.267
Em Nov, o grupo '( - ) CUSTOS VARIÁVEIS' registrou -R$ 4.290 referente a 'FROTA - COMBUSTIVEL / MANUTENÇÃO'.;Nov;( - ) CUSTOS VARIÁVEIS;FROTA - COMBUSTIVEL / MANUTENÇÃO;-R$ 4.290
Em Mai, o grupo '( - ) CUSTOS VARIÁVEIS' registrou -R$ 40.773 referente a 'FROTA - COMBUSTIVEL / MANUTENÇÃO'.;Mai;( - ) CUSTOS VARIÁVEIS;FROTA - COMBUSTIVEL / MANUTENÇÃO;-R$ 40.773
Em Mar, o grupo '( = ) FLUXO DE CAIXA LIVRE PARA SÓCIOS' registrou -R$ 90 referente a 'BENFEITORIAS'.;Mar;( = ) FLUXO DE CAIXA LIVRE PARA SÓCIOS;BENFEITORIAS;-R$ 90
Em Fev, o grupo '( = ) FLUXO DE CAIXA LIVRE PARA SÓCIOS' registrou -R$ 185 referente a 'BENFEITORIAS'.;Fev;( = ) FLUXO DE CAIXA LIVRE PARA SÓCIOS;BENFEITORIAS;-R$ 185
Em Dez, o grupo '( = ) FLUXO DE CAIXA LIVRE PARA SÓCIOS' registrou -R$ 1.031 referente a 'BENFEITORIAS'.;Dez;( = ) FLUXO DE CAIXA LIVRE PARA SÓCIOS;BENFEITORIAS;-R$ 1.031
Em Jul, o grupo '( = ) FLUXO DE CAIXA LIVRE PARA SÓCIOS' registrou -R$ 1.419 referente a 'BENFEITORIAS'.;Jul;( = ) FLUXO DE CAIXA LIVRE PARA SÓCIOS;BENFEITORIAS;-R$ 1.419
Em Nov, o grupo '( = ) FLUXO DE CAIXA LIVRE PARA SÓCIOS' registrou -R$ 1.902 referente a 'BENFEITORIAS'.;Nov;( = ) FLUXO DE CAIXA LIVRE PARA SÓCIOS;BENFEITORIAS;-R$ 1.902
Em Out, o grupo '( = ) FLUXO DE CAIXA LIVRE PARA SÓCIOS' registrou -R$ 3.800 referente a 'BENFEITORIAS'.;Out;( = ) FLUXO DE CAIXA LIVRE PARA SÓCIOS;BENFEITORIAS;-R$ 3.800
Em Set, o grupo '( = ) FLUXO DE CAIXA LIVRE PARA SÓCIOS' registrou -R$ 5.442 referente a 'BENFEITORIAS'.;Set;( = ) FLUXO DE CAIXA LIVRE PARA SÓCIOS;BENFEITORIAS;-R$ 5.442
Em Jan, o grupo '( = ) FLUXO DE CAIXA LIVRE PARA SÓCIOS' registrou -R$ 16.382 referente a 'BENFEITORIAS'.;Jan;( = ) FLUXO DE CAIXA LIVRE PARA SÓCIOS;BENFEITORIAS;-R$ 16.382
Em Mai, o grupo '( = ) FLUXO DE CAIXA LIVRE PARA SÓCIOS' registrou -R$ 16.739 referente a 'BENFEITORIAS'.;Mai;( = ) FLUXO DE CAIXA LIVRE PARA SÓCIOS;BENFEITORIAS;-R$ 16.739
Em Ago, o grupo '( = ) FLUXO DE CAIXA LIVRE PARA SÓCIOS' registrou -R$ 24.295 referente a 'BENFEITORIAS'.;Ago;( = ) FLUXO DE CAIXA LIVRE PARA SÓCIOS;BENFEITORIAS;-R$ 24.295
Em Ago, o grupo '( - ) DEDUÇÕES SOBRE RECEITA' registrou -R$ 188 referente a 'BRINDES E CORTESIAS'.;Ago;( - ) DEDUÇÕES SOBRE RECEITA;BRINDES E CORTESIAS;-R$ 188
Em Dez, o grupo '( - ) DESPESAS ADMINISTRATIVAS' registrou -R$ 340 referente a 'EVENTOS'.;Dez;( - ) DESPESAS ADMINISTRATIVAS;EVENTOS;-R$ 340
Em Jul, o grupo '( - ) DESPESAS ADMINISTRATIVAS' registrou -R$ 13.500 referente a 'EVENTOS'.;Jul;( - ) DESPESAS ADMINISTRATIVAS;EVENTOS;-R$ 13.500
Em Nov, o grupo '( - ) DESPESAS ADMINISTRATIVAS' registrou -R$ 28.246 referente a 'EVENTOS'.;Nov;( - ) DESPESAS ADMINISTRATIVAS;EVENTOS;-R$ 28.246
Em Mai, o grupo '( - ) DEDUÇÕES SOBRE RECEITA' registrou -R$ 272 referente a 'CORTESIA - ANIVERSARIO'.;Mai;( - ) DEDUÇÕES SOBRE RECEITA;CORTESIA - ANIVERSARIO;-R$ 272
Em Jul, o grupo '( - ) IMPOSTOS SOBRE RECEITA' registrou -R$ 1.901 referente a 'IR RETIDO NA FONTE'.;Jul;( - ) IMPOSTOS SOBRE RECEITA;IR RETIDO NA FONTE;-R$ 1.901
Em Mar, o grupo '( - ) UTILIDADES E SERVIÇOS' registrou -R$ 18 referente a 'TAXAS E REGISTROS'.;Mar;( - ) UTILIDADES E SERVIÇOS;TAXAS E REGISTROS;-R$ 18
Em Mai, o grupo '( - ) UTILIDADES E SERVIÇOS' registrou -R$ 129 referente a 'TAXAS E REGISTROS'.;Mai;( - ) UTILIDADES E SERVIÇOS;TAXAS E REGISTROS;-R$ 129
Em Abr, o grupo '( - ) UTILIDADES E SERVIÇOS' registrou -R$ 130 referente a 'TAXAS E REGISTROS'.;Abr;( - ) UTILIDADES E SERVIÇOS;TAXAS E REGISTROS;-R$ 130
Em Jun, o grupo '( - ) UTILIDADES E SERVIÇOS' registrou -R$ 271 referente a 'TAXAS E REGISTROS'.;Jun;( - ) UTILIDADES E SERVIÇOS;TAXAS E REGISTROS;-R$ 271
Em Jul, o grupo '( - ) UTILIDADES E SERVIÇOS' registrou -R$ 298 referente a 'TAXAS E REGISTROS'.;Jul;( - ) UTILIDADES E SERVIÇOS;TAXAS E REGISTROS;-R$ 298
Em Ago, o grupo '( - ) UTILIDADES E SERVIÇOS' registrou -R$ 443 referente a 'TAXAS E REGISTROS'.;Ago;( - ) UTILIDADES E SERVIÇOS;TAXAS E REGISTROS;-R$ 443
Em Set, o grupo '( - ) UTILIDADES E SERVIÇOS' registrou -R$ 1.419 referente a 'TAXAS E REGISTROS'.;Set;( - ) UTILIDADES E SERVIÇOS;TAXAS E REGISTROS;-R$ 1.419
Em Nov, o grupo '( - ) UTILIDADES E SERVIÇOS' registrou -R$ 1.491 referente a 'TAXAS E REGISTROS'.;Nov;( - ) UTILIDADES E SERVIÇOS;TAXAS E REGISTROS;-R$ 1.491
Em Out, o grupo '( - ) UTILIDADES E SERVIÇOS' registrou -R$ 1.859 referente a 'TAXAS E REGISTROS'.;Out;( - ) UTILIDADES E SERVIÇOS;TAXAS E REGISTROS;-R$ 1.859
Em Abr, o grupo '( - ) UTILIDADES E SERVIÇOS' registrou -R$ 608 referente a 'IPVA'.;Abr;( - ) UTILIDADES E SERVIÇOS;IPVA;-R$ 608
Em Ago, o grupo '( - ) UTILIDADES E SERVIÇOS' registrou -R$ 2.558 referente a 'IPVA'.;Ago;( - ) UTILIDADES E SERVIÇOS;IPVA;-R$ 2.558
Em Out, o grupo '( - ) UTILIDADES E SERVIÇOS' registrou -R$ 672 referente a 'IPTU/ITU'.;Out;( - ) UTILIDADES E SERVIÇOS;IPTU/ITU;-R$ 672
Em Dez, o grupo '( - ) UTILIDADES E SERVIÇOS' registrou -R$ 672 referente a 'IPTU/ITU'.;Dez;( - ) UTILIDADES E SERVIÇOS;IPTU/ITU;-R$ 672
Em Nov, o grupo '( - ) UTILIDADES E SERVIÇOS' registrou -R$ 672 referente a 'IPTU/ITU'.;Nov;( - ) UTILIDADES E SERVIÇOS;IPTU/ITU;-R$ 672
Em Ago, o grupo '( - ) UTILIDADES E SERVIÇOS' registrou -R$ 672 referente a 'IPTU/ITU'.;Ago;( - ) UTILIDADES E SERVIÇOS;IPTU/ITU;-R$ 672
Em Jul, o grupo '( - ) UTILIDADES E SERVIÇOS' registrou -R$ 672 referente a 'IPTU/ITU'.;Jul;( - ) UTILIDADES E SERVIÇOS;IPTU/ITU;-R$ 672
Em Set, o grupo '( - ) UTILIDADES E SERVIÇOS' registrou -R$ 672 referente a 'IPTU/ITU'.;Set;( - ) UTILIDADES E SERVIÇOS;IPTU/ITU;-R$ 672
Em Dez, o grupo '( - ) MARKETING / VENDAS / RESERVAS' registrou -R$ 3.000 referente a 'ASSESSORIAS EXTERNAS'.;Dez;( - ) MARKETING / VENDAS / RESERVAS;ASSESSORIAS EXTERNAS;-R$ 3.000
Em Mai, o grupo '( - ) MARKETING / VENDAS / RESERVAS' registrou -R$ 50 referente a 'COMUNICAÇÃO VISUAL E AUDIOVISUAL'.;Mai;( - ) MARKETING / VENDAS / RESERVAS;COMUNICAÇÃO VISUAL E AUDIOVISUAL;-R$ 50
Em Nov, o grupo '( - ) MARKETING / VENDAS / RESERVAS' registrou -R$ 80 referente a 'COMUNICAÇÃO VISUAL E AUDIOVISUAL'.;Nov;( - ) MARKETING / VENDAS / RESERVAS;COMUNICAÇÃO VISUAL E AUDIOVISUAL;-R$ 80
Em Dez, o grupo '( - ) MARKETING / VENDAS / RESERVAS' registrou -R$ 80 referente a 'COMUNICAÇÃO VISUAL E AUDIOVISUAL'.;Dez;( - ) MARKETING / VENDAS / RESERVAS;COMUNICAÇÃO VISUAL E AUDIOVISUAL;-R$ 80
Em Jul, o grupo '( - ) MARKETING / VENDAS / RESERVAS' registrou -R$ 80 referente a 'COMUNICAÇÃO VISUAL E AUDIOVISUAL'.;Jul;( - ) MARKETING / VENDAS / RESERVAS;COMUNICAÇÃO VISUAL E AUDIOVISUAL;-R$ 80
Em Mar, o grupo '( - ) MARKETING / VENDAS / RESERVAS' registrou -R$ 132 referente a 'COMUNICAÇÃO VISUAL E AUDIOVISUAL'.;Mar;( - ) MARKETING / VENDAS / RESERVAS;COMUNICAÇÃO VISUAL E AUDIOVISUAL;-R$ 132
Em Ago, o grupo '( - ) MARKETING / VENDAS / RESERVAS' registrou -R$ 199 referente a 'COMUNICAÇÃO VISUAL E AUDIOVISUAL'.;Ago;( - ) MARKETING / VENDAS / RESERVAS;COMUNICAÇÃO VISUAL E AUDIOVISUAL;-R$ 199
Em Set, o grupo '( - ) MARKETING / VENDAS / RESERVAS' registrou -R$ 275 referente a 'COMUNICAÇÃO VISUAL E AUDIOVISUAL'.;Set;( - ) MARKETING / VENDAS / RESERVAS;COMUNICAÇÃO VISUAL E AUDIOVISUAL;-R$ 275
Em Abr, o grupo '( - ) MARKETING / VENDAS / RESERVAS' registrou -R$ 419 referente a 'COMUNICAÇÃO VISUAL E AUDIOVISUAL'.;Abr;( - ) MARKETING / VENDAS / RESERVAS;COMUNICAÇÃO VISUAL E AUDIOVISUAL;-R$ 419
Em Out, o grupo '( - ) MARKETING / VENDAS / RESERVAS' registrou -R$ 660 referente a 'COMUNICAÇÃO VISUAL E AUDIOVISUAL'.;Out;( - ) MARKETING / VENDAS / RESERVAS;COMUNICAÇÃO VISUAL E AUDIOVISUAL;-R$ 660
Em Jan, o grupo '( - ) MARKETING / VENDAS / RESERVAS' registrou -R$ 700 referente a 'COMUNICAÇÃO VISUAL E AUDIOVISUAL'.;Jan;( - ) MARKETING / VENDAS / RESERVAS;COMUNICAÇÃO VISUAL E AUDIOVISUAL;-R$ 700
Em Abr, o grupo '( - ) MARKETING / VENDAS / RESERVAS' registrou -R$ 320 referente a 'ENDOMARKETING'.;Abr;( - ) MARKETING / VENDAS / RESERVAS;ENDOMARKETING;-R$ 320
Em Ago, o grupo '( - ) MARKETING / VENDAS / RESERVAS' registrou -R$ 365 referente a 'ENDOMARKETING'.;Ago;( - ) MARKETING / VENDAS / RESERVAS;ENDOMARKETING;-R$ 365
Em Nov, o grupo '( - ) MARKETING / VENDAS / RESERVAS' registrou -R$ 479 referente a 'ENDOMARKETING'.;Nov;( - ) MARKETING / VENDAS / RESERVAS;ENDOMARKETING;-R$ 479
Em Set, o grupo '( - ) MARKETING / VENDAS / RESERVAS' registrou -R$ 652 referente a 'ENDOMARKETING'.;Set;( - ) MARKETING / VENDAS / RESERVAS;ENDOMARKETING;-R$ 652
Em Mai, o grupo '( - ) MARKETING / VENDAS / RESERVAS' registrou -R$ 718 referente a 'ENDOMARKETING'.;Mai;( - ) MARKETING / VENDAS / RESERVAS;ENDOMARKETING;-R$ 718
Em Out, o grupo '( - ) MARKETING / VENDAS / RESERVAS' registrou -R$ 863 referente a 'ENDOMARKETING'.;Out;( - ) MARKETING / VENDAS / RESERVAS;ENDOMARKETING;-R$ 863
Em Jan, o grupo '( - ) MARKETING / VENDAS / RESERVAS' registrou -R$ 1.316 referente a 'ENDOMARKETING'.;Jan;( - ) MARKETING / VENDAS / RESERVAS;ENDOMARKETING;-R$ 1.316
Em Fev, o grupo '( - ) MARKETING / VENDAS / RESERVAS' registrou -R$ 1.471 referente a 'ENDOMARKETING'.;Fev;( - ) MARKETING / VENDAS / RESERVAS;ENDOMARKETING;-R$ 1.471
Em Dez, o grupo '( - ) MARKETING / VENDAS / RESERVAS' registrou -R$ 1.792 referente a 'ENDOMARKETING'.;Dez;( - ) MARKETING / VENDAS / RESERVAS;ENDOMARKETING;-R$ 1.792
Em Jun, o grupo '( - ) MARKETING / VENDAS / RESERVAS' registrou -R$ 2.931 referente a 'ENDOMARKETING'.;Jun;( - ) MARKETING / VENDAS / RESERVAS;ENDOMARKETING;-R$ 2.931
Em Jul, o grupo '( - ) MARKETING / VENDAS / RESERVAS' registrou -R$ 2.962 referente a 'ENDOMARKETING'.;Jul;( - ) MARKETING / VENDAS / RESERVAS;ENDOMARKETING;-R$ 2.962
Em Mar, o grupo '( - ) MARKETING / VENDAS / RESERVAS' registrou -R$ 3.872 referente a 'ENDOMARKETING'.;Mar;( - ) MARKETING / VENDAS / RESERVAS;ENDOMARKETING;-R$ 3.872
Em Out, o grupo '( - ) MARKETING / VENDAS / RESERVAS' registrou -R$ 18 referente a 'FEIRAS E EVENTOS'.;Out;( - ) MARKETING / VENDAS / RESERVAS;FEIRAS E EVENTOS;-R$ 18
Em Jun, o grupo '( - ) MARKETING / VENDAS / RESERVAS' registrou -R$ 100 referente a 'FEIRAS E EVENTOS'.;Jun;( - ) MARKETING / VENDAS / RESERVAS;FEIRAS E EVENTOS;-R$ 100
Em Ago, o grupo '( - ) MARKETING / VENDAS / RESERVAS' registrou -R$ 63.163 referente a 'FEIRAS E EVENTOS'.;Ago;( - ) MARKETING / VENDAS / RESERVAS;FEIRAS E EVENTOS;-R$ 63.163
Em Mai, o grupo '( - ) CUSTOS VARIÁVEIS' registrou -R$ 282 referente a 'IMPRESSOS E SERVIÇOS GRAFICOS'.;Mai;( - ) CUSTOS VARIÁVEIS;IMPRESSOS E SERVIÇOS GRAFICOS;-R$ 282
Em Nov, o grupo '( - ) CUSTOS VARIÁVEIS' registrou -R$ 755 referente a 'IMPRESSOS E SERVIÇOS GRAFICOS'.;Nov;( - ) CUSTOS VARIÁVEIS;IMPRESSOS E SERVIÇOS GRAFICOS;-R$ 755
Em Jan, o grupo '( - ) CUSTOS VARIÁVEIS' registrou -R$ 1.234 referente a 'IMPRESSOS E SERVIÇOS GRAFICOS'.;Jan;( - ) CUSTOS VARIÁVEIS;IMPRESSOS E SERVIÇOS GRAFICOS;-R$ 1.234
Em Mai, o grupo '( - ) MARKETING / VENDAS / RESERVAS' registrou -R$ 55 referente a 'MIDIAS'.;Mai;( - ) MARKETING / VENDAS / RESERVAS;MIDIAS;-R$ 55
Em Fev, o grupo '( - ) MARKETING / VENDAS / RESERVAS' registrou -R$ 1.879 referente a 'MIDIAS'.;Fev;( - ) MARKETING / VENDAS / RESERVAS;MIDIAS;-R$ 1.879
Em Dez, o grupo '( - ) MARKETING / VENDAS / RESERVAS' registrou -R$ 2.055 referente a 'MIDIAS'.;Dez;( - ) MARKETING / VENDAS / RESERVAS;MIDIAS;-R$ 2.055
Em Nov, o grupo '( - ) MARKETING / VENDAS / RESERVAS' registrou -R$ 7.730 referente a 'MIDIAS'.;Nov;( - ) MARKETING / VENDAS / RESERVAS;MIDIAS;-R$ 7.730
Em Abr, o grupo '( - ) MARKETING / VENDAS / RESERVAS' registrou -R$ 750 referente a 'DOAÇÕES'.;Abr;( - ) MARKETING / VENDAS / RESERVAS;DOAÇÕES;-R$ 750
Em Nov, o grupo '( - ) MARKETING / VENDAS / RESERVAS' registrou -R$ 800 referente a 'DOAÇÕES'.;Nov;( - ) MARKETING / VENDAS / RESERVAS;DOAÇÕES;-R$ 800
Em Out, o grupo '( - ) MARKETING / VENDAS / RESERVAS' registrou -R$ 800 referente a 'DOAÇÕES'.;Out;( - ) MARKETING / VENDAS / RESERVAS;DOAÇÕES;-R$ 800
Em Ago, o grupo '( - ) MARKETING / VENDAS / RESERVAS' registrou -R$ 800 referente a 'DOAÇÕES'.;Ago;( - ) MARKETING / VENDAS / RESERVAS;DOAÇÕES;-R$ 800
Em Dez, o grupo '( - ) MARKETING / VENDAS / RESERVAS' registrou -R$ 800 referente a 'DOAÇÕES'.;Dez;( - ) MARKETING / VENDAS / RESERVAS;DOAÇÕES;-R$ 800
Em Set, o grupo '( - ) MARKETING / VENDAS / RESERVAS' registrou -R$ 800 referente a 'DOAÇÕES'.;Set;( - ) MARKETING / VENDAS / RESERVAS;DOAÇÕES;-R$ 800
Em Mar, o grupo '( - ) MARKETING / VENDAS / RESERVAS' registrou -R$ 26 referente a 'FUNDO DE PROMOÇÃO'.;Mar;( - ) MARKETING / VENDAS / RESERVAS;FUNDO DE PROMOÇÃO;-R$ 26
Em Mai, o grupo '(/) RATEIOS COMPORATIVO' registrou -R$ 26.536 referente a 'EMPRÉSTIMOS BANCOS'.;Mai;(/) RATEIOS COMPORATIVO;EMPRÉSTIMOS BANCOS;-R$ 26.536
Em Set, o grupo '(/) RATEIOS COMPORATIVO' registrou -R$ 43.178 referente a 'EMPRÉSTIMOS BANCOS'.;Set;(/) RATEIOS COMPORATIVO;EMPRÉSTIMOS BANCOS;-R$ 43.178
Em Dez, o grupo '(/) RATEIOS COMPORATIVO' registrou -R$ 44.086 referente a 'EMPRÉSTIMOS BANCOS'.;Dez;(/) RATEIOS COMPORATIVO;EMPRÉSTIMOS BANCOS;-R$ 44.086
Em Out, o grupo '(/) RATEIOS COMPORATIVO' registrou -R$ 55.762 referente a 'EMPRÉSTIMOS BANCOS'.;Out;(/) RATEIOS COMPORATIVO;EMPRÉSTIMOS BANCOS;-R$ 55.762
Em Abr, o grupo '(/) RATEIOS COMPORATIVO' registrou -R$ 91.664 referente a 'EMPRÉSTIMOS BANCOS'.;Abr;(/) RATEIOS COMPORATIVO;EMPRÉSTIMOS BANCOS;-R$ 91.664
Em Fev, o grupo '(/) RATEIOS COMPORATIVO' registrou -R$ 96.618 referente a 'EMPRÉSTIMOS BANCOS'.;Fev;(/) RATEIOS COMPORATIVO;EMPRÉSTIMOS BANCOS;-R$ 96.618
Em Mar, o grupo '(/) RATEIOS COMPORATIVO' registrou -R$ 131.385 referente a 'EMPRÉSTIMOS BANCOS'.;Mar;(/) RATEIOS COMPORATIVO;EMPRÉSTIMOS BANCOS;-R$ 131.385
Em Jun, o grupo '(/) RATEIOS COMPORATIVO' registrou -R$ 154.189 referente a 'EMPRÉSTIMOS BANCOS'.;Jun;(/) RATEIOS COMPORATIVO;EMPRÉSTIMOS BANCOS;-R$ 154.189
Em Nov, o grupo '(/) RATEIOS COMPORATIVO' registrou -R$ 181.191 referente a 'EMPRÉSTIMOS BANCOS'.;Nov;(/) RATEIOS COMPORATIVO;EMPRÉSTIMOS BANCOS;-R$ 181.191
Em Jul, o grupo '(/) RATEIOS COMPORATIVO' registrou -R$ 218.925 referente a 'EMPRÉSTIMOS BANCOS'.;Jul;(/) RATEIOS COMPORATIVO;EMPRÉSTIMOS BANCOS;-R$ 218.925
Em Ago, o grupo '(/) RATEIOS COMPORATIVO' registrou -R$ 227.534 referente a 'EMPRÉSTIMOS BANCOS'.;Ago;(/) RATEIOS COMPORATIVO;EMPRÉSTIMOS BANCOS;-R$ 227.534
Em Fev, o grupo '(/) RATEIOS COMPORATIVO' registrou -R$ 400 referente a 'COMBUSTIVEL CORPORATIVO'.;Fev;(/) RATEIOS COMPORATIVO;COMBUSTIVEL CORPORATIVO;-R$ 400
Em Mar, o grupo '(/) RATEIOS COMPORATIVO' registrou -R$ 676 referente a 'COMBUSTIVEL CORPORATIVO'.;Mar;(/) RATEIOS COMPORATIVO;COMBUSTIVEL CORPORATIVO;-R$ 676
Em Mai, o grupo '(/) RATEIOS COMPORATIVO' registrou -R$ 1.345 referente a 'COMBUSTIVEL CORPORATIVO'.;Mai;(/) RATEIOS COMPORATIVO;COMBUSTIVEL CORPORATIVO;-R$ 1.345
Em Jul, o grupo '(/) RATEIOS COMPORATIVO' registrou -R$ 1.527 referente a 'COMBUSTIVEL CORPORATIVO'.;Jul;(/) RATEIOS COMPORATIVO;COMBUSTIVEL CORPORATIVO;-R$ 1.527
Em Dez, o grupo '(/) RATEIOS COMPORATIVO' registrou -R$ 1.559 referente a 'COMBUSTIVEL CORPORATIVO'.;Dez;(/) RATEIOS COMPORATIVO;COMBUSTIVEL CORPORATIVO;-R$ 1.559
Em Set, o grupo '(/) RATEIOS COMPORATIVO' registrou -R$ 2.384 referente a 'COMBUSTIVEL CORPORATIVO'.;Set;(/) RATEIOS COMPORATIVO;COMBUSTIVEL CORPORATIVO;-R$ 2.384
Em Jun, o grupo '(/) RATEIOS COMPORATIVO' registrou -R$ 2.691 referente a 'COMBUSTIVEL CORPORATIVO'.;Jun;(/) RATEIOS COMPORATIVO;COMBUSTIVEL CORPORATIVO;-R$ 2.691
Em Out, o grupo '(/) RATEIOS COMPORATIVO' registrou -R$ 2.698 referente a 'COMBUSTIVEL CORPORATIVO'.;Out;(/) RATEIOS COMPORATIVO;COMBUSTIVEL CORPORATIVO;-R$ 2.698
Em Ago, o grupo '(/) RATEIOS COMPORATIVO' registrou -R$ 3.225 referente a 'COMBUSTIVEL CORPORATIVO'.;Ago;(/) RATEIOS COMPORATIVO;COMBUSTIVEL CORPORATIVO;-R$ 3.225
Em Nov, o grupo '(/) RATEIOS COMPORATIVO' registrou -R$ 3.447 referente a 'COMBUSTIVEL CORPORATIVO'.;Nov;(/) RATEIOS COMPORATIVO;COMBUSTIVEL CORPORATIVO;-R$ 3.447
Em Jan, o grupo '(/) RATEIOS COMPORATIVO' registrou -R$ 65.861 referente a 'PRO-LABORE'.;Jan;(/) RATEIOS COMPORATIVO;PRO-LABORE;-R$ 65.861
Em Mai, o grupo '(/) RATEIOS COMPORATIVO' registrou -R$ 82.365 referente a 'PRO-LABORE'.;Mai;(/) RATEIOS COMPORATIVO;PRO-LABORE;-R$ 82.365
Em Jun, o grupo '(/) RATEIOS COMPORATIVO' registrou -R$ 110.453 referente a 'PRO-LABORE'.;Jun;(/) RATEIOS COMPORATIVO;PRO-LABORE;-R$ 110.453
Em Fev, o grupo '(/) RATEIOS COMPORATIVO' registrou -R$ 130.449 referente a 'PRO-LABORE'.;Fev;(/) RATEIOS COMPORATIVO;PRO-LABORE;-R$ 130.449
Em Mar, o grupo '(/) RATEIOS COMPORATIVO' registrou -R$ 287.903 referente a 'PRO-LABORE'.;Mar;(/) RATEIOS COMPORATIVO;PRO-LABORE;-R$ 287.903
Em Ago, o grupo '(/) RATEIOS COMPORATIVO' registrou -R$ 297.993 referente a 'PRO-LABORE'.;Ago;(/) RATEIOS COMPORATIVO;PRO-LABORE;-R$ 297.993
Em Set, o grupo '(/) RATEIOS COMPORATIVO' registrou -R$ 378.335 referente a 'PRO-LABORE'.;Set;(/) RATEIOS COMPORATIVO;PRO-LABORE;-R$ 378.335
Em Dez, o grupo '(/) RATEIOS COMPORATIVO' registrou -R$ 423.760 referente a 'PRO-LABORE'.;Dez;(/) RATEIOS COMPORATIVO;PRO-LABORE;-R$ 423.760
Em Abr, o grupo '(/) RATEIOS COMPORATIVO' registrou -R$ 692.821 referente a 'PRO-LABORE'.;Abr;(/) RATEIOS COMPORATIVO;PRO-LABORE;-R$ 692.821
Em Nov, o grupo '(/) RATEIOS COMPORATIVO' registrou -R$ 866.983 referente a 'PRO-LABORE'.;Nov;(/) RATEIOS COMPORATIVO;PRO-LABORE;-R$ 866.983
Em Out, o grupo '(/) RATEIOS COMPORATIVO' registrou -R$ 949.054 referente a 'PRO-LABORE'.;Out;(/) RATEIOS COMPORATIVO;PRO-LABORE;-R$ 949.054
Em Jul, o grupo '(/) RATEIOS COMPORATIVO' registrou -R$ 968.133 referente a 'PRO-LABORE'.;Jul;(/) RATEIOS COMPORATIVO;PRO-LABORE;-R$ 968.133
Em Fev, o grupo '(/) RATEIOS COMPORATIVO' registrou -R$ 3.500 referente a 'CONSULTORIA RH - TREINAMENTOS'.;Fev;(/) RATEIOS COMPORATIVO;CONSULTORIA RH - TREINAMENTOS;-R$ 3.500
Em Mai, o grupo '( - ) UTILIDADES E SERVIÇOS' registrou -R$ 68 referente a 'MANUTENÇÃO CORRETIVA'.;Mai;( - ) UTILIDADES E SERVIÇOS;MANUTENÇÃO CORRETIVA;-R$ 68
Em Jul, o grupo '( - ) UTILIDADES E SERVIÇOS' registrou -R$ 403 referente a 'MANUTENÇÃO CORRETIVA'.;Jul;( - ) UTILIDADES E SERVIÇOS;MANUTENÇÃO CORRETIVA;-R$ 403
Em Mar, o grupo '( - ) UTILIDADES E SERVIÇOS' registrou -R$ 417 referente a 'MANUTENÇÃO CORRETIVA'.;Mar;( - ) UTILIDADES E SERVIÇOS;MANUTENÇÃO CORRETIVA;-R$ 417
Em Ago, o grupo '( - ) UTILIDADES E SERVIÇOS' registrou -R$ 873 referente a 'MANUTENÇÃO CORRETIVA'.;Ago;( - ) UTILIDADES E SERVIÇOS;MANUTENÇÃO CORRETIVA;-R$ 873
Em Out, o grupo '( - ) UTILIDADES E SERVIÇOS' registrou -R$ 1.439 referente a 'MANUTENÇÃO CORRETIVA'.;Out;( - ) UTILIDADES E SERVIÇOS;MANUTENÇÃO CORRETIVA;-R$ 1.439
Em Set, o grupo '( - ) UTILIDADES E SERVIÇOS' registrou -R$ 1.828 referente a 'MANUTENÇÃO CORRETIVA'.;Set;( - ) UTILIDADES E SERVIÇOS;MANUTENÇÃO CORRETIVA;-R$ 1.828
Em Abr, o grupo '( - ) UTILIDADES E SERVIÇOS' registrou -R$ 1.874 referente a 'MANUTENÇÃO CORRETIVA'.;Abr;( - ) UTILIDADES E SERVIÇOS;MANUTENÇÃO CORRETIVA;-R$ 1.874
Em Jun, o grupo '( - ) UTILIDADES E SERVIÇOS' registrou -R$ 5.353 referente a 'MANUTENÇÃO CORRETIVA'.;Jun;( - ) UTILIDADES E SERVIÇOS;MANUTENÇÃO CORRETIVA;-R$ 5.353
Em Set, o grupo '( - ) UTILIDADES E SERVIÇOS' registrou -R$ 194 referente a 'MANUTENÇÃO PREVENTIVA'.;Set;( - ) UTILIDADES E SERVIÇOS;MANUTENÇÃO PREVENTIVA;-R$ 194
Em Dez, o grupo '( - ) UTILIDADES E SERVIÇOS' registrou -R$ 300 referente a 'MANUTENÇÃO PREVENTIVA'.;Dez;( - ) UTILIDADES E SERVIÇOS;MANUTENÇÃO PREVENTIVA;-R$ 300
Em Jan, o grupo '( - ) UTILIDADES E SERVIÇOS' registrou -R$ 300 referente a 'MANUTENÇÃO PREVENTIVA'.;Jan;( - ) UTILIDADES E SERVIÇOS;MANUTENÇÃO PREVENTIVA;-R$ 300
Em Jul, o grupo '( - ) SERVIÇOS DE TERCEIROS' registrou -R$ 590 referente a 'PRESTAÇÃO DE SERVIÇO'.;Jul;( - ) SERVIÇOS DE TERCEIROS;PRESTAÇÃO DE SERVIÇO;-R$ 590
Em Jan, o grupo '( - ) SERVIÇOS DE TERCEIROS' registrou -R$ 1.330 referente a 'PRESTAÇÃO DE SERVIÇO'.;Jan;( - ) SERVIÇOS DE TERCEIROS;PRESTAÇÃO DE SERVIÇO;-R$ 1.330
Em Ago, o grupo '( - ) SERVIÇOS DE TERCEIROS' registrou -R$ 1.735 referente a 'PRESTAÇÃO DE SERVIÇO'.;Ago;( - ) SERVIÇOS DE TERCEIROS;PRESTAÇÃO DE SERVIÇO;-R$ 1.735
Em Set, o grupo '( - ) SERVIÇOS DE TERCEIROS' registrou -R$ 2.111 referente a 'PRESTAÇÃO DE SERVIÇO'.;Set;( - ) SERVIÇOS DE TERCEIROS;PRESTAÇÃO DE SERVIÇO;-R$ 2.111
Em Mai, o grupo '( - ) SERVIÇOS DE TERCEIROS' registrou -R$ 3.000 referente a 'DESPESAS LOCACAO MAQUINAS POS'.;Mai;( - ) SERVIÇOS DE TERCEIROS;DESPESAS LOCACAO MAQUINAS POS;-R$ 3.000
Em Abr, o grupo '( - ) DESPESAS FINANCEIRAS' registrou -R$ 21 referente a 'TAXAS BANCARIAS'.;Abr;( - ) DESPESAS FINANCEIRAS;TAXAS BANCARIAS;-R$ 21
Em Ago, o grupo '( - ) DESPESAS FINANCEIRAS' registrou -R$ 21 referente a 'TAXAS BANCARIAS'.;Ago;( - ) DESPESAS FINANCEIRAS;TAXAS BANCARIAS;-R$ 21
Em Set, o grupo '( - ) DESPESAS FINANCEIRAS' registrou -R$ 50 referente a 'TAXAS BANCARIAS'.;Set;( - ) DESPESAS FINANCEIRAS;TAXAS BANCARIAS;-R$ 50
Em Fev, o grupo '( - ) DESPESAS FINANCEIRAS' registrou -R$ 63 referente a 'TAXAS BANCARIAS'.;Fev;( - ) DESPESAS FINANCEIRAS;TAXAS BANCARIAS;-R$ 63
Em Out, o grupo '( - ) DESPESAS FINANCEIRAS' registrou -R$ 194 referente a 'TAXAS BANCARIAS'.;Out;( - ) DESPESAS FINANCEIRAS;TAXAS BANCARIAS;-R$ 194
Em Jul, o grupo '( - ) DESPESAS FINANCEIRAS' registrou -R$ 282 referente a 'TAXAS BANCARIAS'.;Jul;( - ) DESPESAS FINANCEIRAS;TAXAS BANCARIAS;-R$ 282
Em Mai, o grupo '( - ) DESPESAS FINANCEIRAS' registrou -R$ 289 referente a 'TAXAS BANCARIAS'.;Mai;( - ) DESPESAS FINANCEIRAS;TAXAS BANCARIAS;-R$ 289
Em Jun, o grupo '( - ) DESPESAS FINANCEIRAS' registrou -R$ 712 referente a 'TAXAS BANCARIAS'.;Jun;( - ) DESPESAS FINANCEIRAS;TAXAS BANCARIAS;-R$ 712
Em Nov, o grupo '( - ) DESPESAS FINANCEIRAS' registrou -R$ 1.568 referente a 'TAXAS BANCARIAS'.;Nov;( - ) DESPESAS FINANCEIRAS;TAXAS BANCARIAS;-R$ 1.568
Em Dez, o grupo '( - ) DESPESAS FINANCEIRAS' registrou -R$ 2.673 referente a 'TAXAS BANCARIAS'.;Dez;( - ) DESPESAS FINANCEIRAS;TAXAS BANCARIAS;-R$ 2.673
Em Nov, o grupo '( - ) DESPESAS FINANCEIRAS' registrou -R$ 5.693 referente a 'TX SOBRE ANTECIPACAO RECEBIVEIS (CARTOES'.;Nov;( - ) DESPESAS FINANCEIRAS;TX SOBRE ANTECIPACAO RECEBIVEIS (CARTOES;-R$ 5.693
Em Ago, o grupo '( - ) DESPESAS FINANCEIRAS' registrou -R$ 111 referente a 'JUROS/MULTAS'.;Ago;( - ) DESPESAS FINANCEIRAS;JUROS/MULTAS;-R$ 111
Em Dez, o grupo '( - ) DESPESAS FINANCEIRAS' registrou -R$ 534 referente a 'JUROS/MULTAS'.;Dez;( - ) DESPESAS FINANCEIRAS;JUROS/MULTAS;-R$ 534
Em Nov, o grupo '( - ) DESPESAS FINANCEIRAS' registrou -R$ 590 referente a 'JUROS/MULTAS'.;Nov;( - ) DESPESAS FINANCEIRAS;JUROS/MULTAS;-R$ 590
Em Jul, o grupo '( - ) DESPESAS FINANCEIRAS' registrou -R$ 971 referente a 'JUROS/MULTAS'.;Jul;( - ) DESPESAS FINANCEIRAS;JUROS/MULTAS;-R$ 971
Em Out, o grupo '( - ) DESPESAS FINANCEIRAS' registrou -R$ 4.358 referente a 'JUROS/MULTAS'.;Out;( - ) DESPESAS FINANCEIRAS;JUROS/MULTAS;-R$ 4.358
Em Set, o grupo '( - ) DESPESAS FINANCEIRAS' registrou -R$ 7.357 referente a 'JUROS/MULTAS'.;Set;( - ) DESPESAS FINANCEIRAS;JUROS/MULTAS;-R$ 7.357
Em Out, o grupo '(+) OUTRAS RECEITAS OPERACIONAIS' registrou R$ 1.530.592 referente a 'APORTE DE CAPITAL'.;Out;(+) OUTRAS RECEITAS OPERACIONAIS;APORTE DE CAPITAL;R$ 1.530.592
Em Nov, o grupo '(+) OUTRAS RECEITAS OPERACIONAIS' registrou R$ 1.140.632 referente a 'APORTE DE CAPITAL'.;Nov;(+) OUTRAS RECEITAS OPERACIONAIS;APORTE DE CAPITAL;R$ 1.140.632
Em Out, o grupo '(+) OUTRAS RECEITAS OPERACIONAIS' registrou R$ 1.500 referente a 'REVENDA DE OLEO / FLIPERAMA / ESTORNO'.;Out;(+) OUTRAS RECEITAS OPERACIONAIS;REVENDA DE OLEO / FLIPERAMA / ESTORNO;R$ 1.500
Em Ago, o grupo '(+) OUTRAS RECEITAS OPERACIONAIS' registrou R$ 6 referente a 'REVENDA DE OLEO / FLIPERAMA / ESTORNO'.;Ago;(+) OUTRAS RECEITAS OPERACIONAIS;REVENDA DE OLEO / FLIPERAMA / ESTORNO;R$ 6
Em Jun, o grupo '(+) OUTRAS RECEITAS OPERACIONAIS' registrou R$ 2.839.395 referente a 'ENTRADA DE EMPRÉSTIMO TERCEIROS'.;Jun;(+) OUTRAS RECEITAS OPERACIONAIS;ENTRADA DE EMPRÉSTIMO TERCEIROS;R$ 2.839.395
Em Out, o grupo '(+) OUTRAS RECEITAS OPERACIONAIS' registrou R$ 2.744 referente a 'ENTRADA DE EMPRÉSTIMO TERCEIROS'.;Out;(+) OUTRAS RECEITAS OPERACIONAIS;ENTRADA DE EMPRÉSTIMO TERCEIROS;R$ 2.744
Em Mai, o grupo '( = ) FLUXO DE CAIXA LIVRE PARA SÓCIOS' registrou -R$ 553 referente a 'MAQUINAS E EQUIPAMENTOS OPERACAO'.;Mai;( = ) FLUXO DE CAIXA LIVRE PARA SÓCIOS;MAQUINAS E EQUIPAMENTOS OPERACAO;-R$ 553
Em Nov, o grupo '( = ) FLUXO DE CAIXA LIVRE PARA SÓCIOS' registrou -R$ 709 referente a 'MAQUINAS E EQUIPAMENTOS OPERACAO'.;Nov;( = ) FLUXO DE CAIXA LIVRE PARA SÓCIOS;MAQUINAS E EQUIPAMENTOS OPERACAO;-R$ 709
Em Ago, o grupo '( = ) FLUXO DE CAIXA LIVRE PARA SÓCIOS' registrou -R$ 847 referente a 'MAQUINAS E EQUIPAMENTOS OPERACAO'.;Ago;( = ) FLUXO DE CAIXA LIVRE PARA SÓCIOS;MAQUINAS E EQUIPAMENTOS OPERACAO;-R$ 847
Em Abr, o grupo '( = ) FLUXO DE CAIXA LIVRE PARA SÓCIOS' registrou -R$ 1.293 referente a 'MAQUINAS E EQUIPAMENTOS OPERACAO'.;Abr;( = ) FLUXO DE CAIXA LIVRE PARA SÓCIOS;MAQUINAS E EQUIPAMENTOS OPERACAO;-R$ 1.293
Em Jun, o grupo '( = ) FLUXO DE CAIXA LIVRE PARA SÓCIOS' registrou -R$ 1.400 referente a 'MAQUINAS E EQUIPAMENTOS OPERACAO'.;Jun;( = ) FLUXO DE CAIXA LIVRE PARA SÓCIOS;MAQUINAS E EQUIPAMENTOS OPERACAO;-R$ 1.400
Em Dez, o grupo '( = ) FLUXO DE CAIXA LIVRE PARA SÓCIOS' registrou -R$ 3.000 referente a 'MAQUINAS E EQUIPAMENTOS OPERACAO'.;Dez;( = ) FLUXO DE CAIXA LIVRE PARA SÓCIOS;MAQUINAS E EQUIPAMENTOS OPERACAO;-R$ 3.000
Em Set, o grupo '( = ) FLUXO DE CAIXA LIVRE PARA SÓCIOS' registrou -R$ 3.919 referente a 'MAQUINAS E EQUIPAMENTOS OPERACAO'.;Set;( = ) FLUXO DE CAIXA LIVRE PARA SÓCIOS;MAQUINAS E EQUIPAMENTOS OPERACAO;-R$ 3.919
Em Mai, o grupo '( = ) FLUXO DE CAIXA LIVRE PARA SÓCIOS' registrou -R$ 633 referente a 'COMPUTADORES, PERIFERICOS E SOFTWARES'.;Mai;( = ) FLUXO DE CAIXA LIVRE PARA SÓCIOS;COMPUTADORES, PERIFERICOS E SOFTWARES;-R$ 633
Em Fev, o grupo '( = ) FLUXO DE CAIXA LIVRE PARA SÓCIOS' registrou -R$ 680 referente a 'COMPUTADORES, PERIFERICOS E SOFTWARES'.;Fev;( = ) FLUXO DE CAIXA LIVRE PARA SÓCIOS;COMPUTADORES, PERIFERICOS E SOFTWARES;-R$ 680
Em Mar, o grupo '( = ) FLUXO DE CAIXA LIVRE PARA SÓCIOS' registrou -R$ 1.054 referente a 'COMPUTADORES, PERIFERICOS E SOFTWARES'.;Mar;( = ) FLUXO DE CAIXA LIVRE PARA SÓCIOS;COMPUTADORES, PERIFERICOS E SOFTWARES;-R$ 1.054
Em Jun, o grupo '( = ) FLUXO DE CAIXA LIVRE PARA SÓCIOS' registrou -R$ 1.075 referente a 'COMPUTADORES, PERIFERICOS E SOFTWARES'.;Jun;( = ) FLUXO DE CAIXA LIVRE PARA SÓCIOS;COMPUTADORES, PERIFERICOS E SOFTWARES;-R$ 1.075
Em Out, o grupo '( = ) FLUXO DE CAIXA LIVRE PARA SÓCIOS' registrou -R$ 2.130 referente a 'COMPUTADORES, PERIFERICOS E SOFTWARES'.;Out;( = ) FLUXO DE CAIXA LIVRE PARA SÓCIOS;COMPUTADORES, PERIFERICOS E SOFTWARES;-R$ 2.130
Em Ago, o grupo '( = ) FLUXO DE CAIXA LIVRE PARA SÓCIOS' registrou -R$ 6.306 referente a 'COMPUTADORES, PERIFERICOS E SOFTWARES'.;Ago;( = ) FLUXO DE CAIXA LIVRE PARA SÓCIOS;COMPUTADORES, PERIFERICOS E SOFTWARES;-R$ 6.306
Em Abr, o grupo '( = ) FLUXO DE CAIXA LIVRE PARA SÓCIOS' registrou -R$ 6.312 referente a 'COMPUTADORES, PERIFERICOS E SOFTWARES'.;Abr;( = ) FLUXO DE CAIXA LIVRE PARA SÓCIOS;COMPUTADORES, PERIFERICOS E SOFTWARES;-R$ 6.312
Em Jan, o grupo '( = ) FLUXO DE CAIXA LIVRE PARA SÓCIOS' registrou -R$ 7.573 referente a 'COMPUTADORES, PERIFERICOS E SOFTWARES'.;Jan;( = ) FLUXO DE CAIXA LIVRE PARA SÓCIOS;COMPUTADORES, PERIFERICOS E SOFTWARES;-R$ 7.573
Em Set, o grupo '( = ) FLUXO DE CAIXA LIVRE PARA SÓCIOS' registrou -R$ 21.509 referente a 'COMPUTADORES, PERIFERICOS E SOFTWARES'.;Set;( = ) FLUXO DE CAIXA LIVRE PARA SÓCIOS;COMPUTADORES, PERIFERICOS E SOFTWARES;-R$ 21.509
Em Jan, o grupo '( = ) FLUXO DE CAIXA LIVRE PARA SÓCIOS' registrou -R$ 600 referente a 'MOVEIS E UTENSÍLIOS'.;Jan;( = ) FLUXO DE CAIXA LIVRE PARA SÓCIOS;MOVEIS E UTENSÍLIOS;-R$ 600
Em Out, o grupo '( = ) FLUXO DE CAIXA LIVRE PARA SÓCIOS' registrou -R$ 5.280 referente a 'MOVEIS E UTENSÍLIOS'.;Out;( = ) FLUXO DE CAIXA LIVRE PARA SÓCIOS;MOVEIS E UTENSÍLIOS;-R$ 5.280
Em Jun, o grupo '( = ) FLUXO DE CAIXA LIVRE PARA SÓCIOS' registrou -R$ 9.072 referente a 'MOVEIS E UTENSÍLIOS'.;Jun;( = ) FLUXO DE CAIXA LIVRE PARA SÓCIOS;MOVEIS E UTENSÍLIOS;-R$ 9.072
Em Set, o grupo '( = ) FLUXO DE CAIXA LIVRE PARA SÓCIOS' registrou -R$ 10.855 referente a 'MOVEIS E UTENSÍLIOS'.;Set;( = ) FLUXO DE CAIXA LIVRE PARA SÓCIOS;MOVEIS E UTENSÍLIOS;-R$ 10.855
Em Ago, o grupo '( = ) FLUXO DE CAIXA LIVRE PARA SÓCIOS' registrou -R$ 12.798 referente a 'MOVEIS E UTENSÍLIOS'.;Ago;( = ) FLUXO DE CAIXA LIVRE PARA SÓCIOS;MOVEIS E UTENSÍLIOS;-R$ 12.798
Em Jun, o grupo '( = ) FLUXO DE CAIXA LIVRE PARA SÓCIOS' registrou -R$ 129 referente a 'EDIFICAÇOES E INSTALAÇOES'.;Jun;( = ) FLUXO DE CAIXA LIVRE PARA SÓCIOS;EDIFICAÇOES E INSTALAÇOES;-R$ 129
Em Set, o grupo '( = ) FLUXO DE CAIXA LIVRE PARA SÓCIOS' registrou -R$ 1.858 referente a 'VEÍCULOS'.;Set;( = ) FLUXO DE CAIXA LIVRE PARA SÓCIOS;VEÍCULOS;-R$ 1.858
Em Dez, o grupo '( = ) FLUXO DE CAIXA LIVRE PARA SÓCIOS' registrou -R$ 4.039 referente a 'VEÍCULOS'.;Dez;( = ) FLUXO DE CAIXA LIVRE PARA SÓCIOS;VEÍCULOS;-R$ 4.039
Em Nov, o grupo '( = ) FLUXO DE CAIXA LIVRE PARA SÓCIOS' registrou -R$ 4.039 referente a 'VEÍCULOS'.;Nov;( = ) FLUXO DE CAIXA LIVRE PARA SÓCIOS;VEÍCULOS;-R$ 4.039
Em Out, o grupo '( = ) FLUXO DE CAIXA LIVRE PARA SÓCIOS' registrou -R$ 4.129 referente a 'VEÍCULOS'.;Out;( = ) FLUXO DE CAIXA LIVRE PARA SÓCIOS;VEÍCULOS;-R$ 4.129
Em Ago, o grupo '( = ) FLUXO DE CAIXA LIVRE PARA SÓCIOS' registrou -R$ 5.600 referente a 'VEÍCULOS'.;Ago;( = ) FLUXO DE CAIXA LIVRE PARA SÓCIOS;VEÍCULOS;-R$ 5.600
Em Abr, o grupo '( = ) FLUXO DE CAIXA LIVRE PARA SÓCIOS' registrou -R$ 6.670 referente a 'VEÍCULOS'.;Abr;( = ) FLUXO DE CAIXA LIVRE PARA SÓCIOS;VEÍCULOS;-R$ 6.670
Em Jan, o grupo '( = ) FLUXO DE CAIXA LIVRE PARA SÓCIOS' registrou -R$ 8.799 referente a 'VEÍCULOS'.;Jan;( = ) FLUXO DE CAIXA LIVRE PARA SÓCIOS;VEÍCULOS;-R$ 8.799
Em Mai, o grupo '( = ) FLUXO DE CAIXA LIVRE PARA SÓCIOS' registrou -R$ 16.327 referente a 'VEÍCULOS'.;Mai;( = ) FLUXO DE CAIXA LIVRE PARA SÓCIOS;VEÍCULOS;-R$ 16.327
Em Jun, o grupo '( = ) FLUXO DE CAIXA LIVRE PARA SÓCIOS' registrou -R$ 22.518 referente a 'VEÍCULOS'.;Jun;( = ) FLUXO DE CAIXA LIVRE PARA SÓCIOS;VEÍCULOS;-R$ 22.518
Em Out, o grupo '( = ) FLUXO DE CAIXA LIVRE PARA SÓCIOS' registrou -R$ 2.188 referente a 'AQUISIÇÕES E INCORPORAÇÕES'.;Out;( = ) FLUXO DE CAIXA LIVRE PARA SÓCIOS;AQUISIÇÕES E INCORPORAÇÕES;-R$ 2.188
Em Jan, o grupo '( = ) FLUXO DE CAIXA LIVRE PARA SÓCIOS' registrou -R$ 20.781 referente a 'AQUISIÇÕES E INCORPORAÇÕES'.;Jan;( = ) FLUXO DE CAIXA LIVRE PARA SÓCIOS;AQUISIÇÕES E INCORPORAÇÕES;-R$ 20.781
Em Set, o grupo '( = ) FLUXO DE CAIXA LIVRE PARA SÓCIOS' registrou -R$ 7.454 referente a 'EMPRESTIMOS'.;Set;( = ) FLUXO DE CAIXA LIVRE PARA SÓCIOS;EMPRESTIMOS;-R$ 7.454
Em Out, o grupo '( = ) FLUXO DE CAIXA LIVRE PARA SÓCIOS' registrou -R$ 7.580 referente a 'EMPRESTIMOS'.;Out;( = ) FLUXO DE CAIXA LIVRE PARA SÓCIOS;EMPRESTIMOS;-R$ 7.580
Em Jul, o grupo '( = ) FLUXO DE CAIXA LIVRE PARA SÓCIOS' registrou -R$ 10.496 referente a 'EMPRESTIMOS'.;Jul;( = ) FLUXO DE CAIXA LIVRE PARA SÓCIOS;EMPRESTIMOS;-R$ 10.496
Em Jan, o grupo '( = ) FLUXO DE CAIXA LIVRE PARA SÓCIOS' registrou -R$ 17.376 referente a 'EMPRESTIMOS'.;Jan;( = ) FLUXO DE CAIXA LIVRE PARA SÓCIOS;EMPRESTIMOS;-R$ 17.376
Em Abr, o grupo '( = ) FLUXO DE CAIXA LIVRE PARA SÓCIOS' registrou -R$ 17.926 referente a 'EMPRESTIMOS'.;Abr;( = ) FLUXO DE CAIXA LIVRE PARA SÓCIOS;EMPRESTIMOS;-R$ 17.926
Em Dez, o grupo '( = ) FLUXO DE CAIXA LIVRE PARA SÓCIOS' registrou -R$ 19.026 referente a 'EMPRESTIMOS'.;Dez;( = ) FLUXO DE CAIXA LIVRE PARA SÓCIOS;EMPRESTIMOS;-R$ 19.026
Em Nov, o grupo '( = ) FLUXO DE CAIXA LIVRE PARA SÓCIOS' registrou -R$ 20.880 referente a 'EMPRESTIMOS'.;Nov;( = ) FLUXO DE CAIXA LIVRE PARA SÓCIOS;EMPRESTIMOS;-R$ 20.880
Em Mar, o grupo '( = ) FLUXO DE CAIXA LIVRE PARA SÓCIOS' registrou -R$ 24.426 referente a 'EMPRESTIMOS'.;Mar;( = ) FLUXO DE CAIXA LIVRE PARA SÓCIOS;EMPRESTIMOS;-R$ 24.426
Em Ago, o grupo '( = ) FLUXO DE CAIXA LIVRE PARA SÓCIOS' registrou -R$ 36.606 referente a 'EMPRESTIMOS'.;Ago;( = ) FLUXO DE CAIXA LIVRE PARA SÓCIOS;EMPRESTIMOS;-R$ 36.606
Em Mai, o grupo '( = ) FLUXO DE CAIXA LIVRE PARA SÓCIOS' registrou -R$ 46.076 referente a 'EMPRESTIMOS'.;Mai;( = ) FLUXO DE CAIXA LIVRE PARA SÓCIOS;EMPRESTIMOS;-R$ 46.076
Em Fev, o grupo '( = ) FLUXO DE CAIXA LIVRE PARA SÓCIOS' registrou -R$ 46.201 referente a 'EMPRESTIMOS'.;Fev;( = ) FLUXO DE CAIXA LIVRE PARA SÓCIOS;EMPRESTIMOS;-R$ 46.201
Em Jun, o grupo '( = ) FLUXO DE CAIXA LIVRE PARA SÓCIOS' registrou -R$ 82.086 referente a 'EMPRESTIMOS'.;Jun;( = ) FLUXO DE CAIXA LIVRE PARA SÓCIOS;EMPRESTIMOS;-R$ 82.086
Em Nov, o grupo '( = ) FLUXO DE CAIXA LIVRE PARA SÓCIOS' registrou -R$ 5.000 referente a 'TITULO EXTRAJUDICIAL'.;Nov;( = ) FLUXO DE CAIXA LIVRE PARA SÓCIOS;TITULO EXTRAJUDICIAL;-R$ 5.000
Em Jul, o grupo '( = ) FLUXO DE CAIXA LIVRE PARA SÓCIOS' registrou -R$ 5.000 referente a 'TITULO EXTRAJUDICIAL'.;Jul;( = ) FLUXO DE CAIXA LIVRE PARA SÓCIOS;TITULO EXTRAJUDICIAL;-R$ 5.000
Em Dez, o grupo '( = ) FLUXO DE CAIXA LIVRE PARA SÓCIOS' registrou -R$ 5.000 referente a 'TITULO EXTRAJUDICIAL'.;Dez;( = ) FLUXO DE CAIXA LIVRE PARA SÓCIOS;TITULO EXTRAJUDICIAL;-R$ 5.000
Em Ago, o grupo '( = ) FLUXO DE CAIXA LIVRE PARA SÓCIOS' registrou -R$ 5.000 referente a 'TITULO EXTRAJUDICIAL'.;Ago;( = ) FLUXO DE CAIXA LIVRE PARA SÓCIOS;TITULO EXTRAJUDICIAL;-R$ 5.000
Em Set, o grupo '( = ) FLUXO DE CAIXA LIVRE PARA SÓCIOS' registrou -R$ 5.000 referente a 'TITULO EXTRAJUDICIAL'.;Set;( = ) FLUXO DE CAIXA LIVRE PARA SÓCIOS;TITULO EXTRAJUDICIAL;-R$ 5.000
Em Out, o grupo '( = ) FLUXO DE CAIXA LIVRE PARA SÓCIOS' registrou -R$ 7.853 referente a 'TITULO EXTRAJUDICIAL'.;Out;( = ) FLUXO DE CAIXA LIVRE PARA SÓCIOS;TITULO EXTRAJUDICIAL;-R$ 7.853
;;;SISTEMAS E SOFTWARES;
;;;SISTEMAS E SOFTWARES;
